2026-06-27 14:01:03.698 [main] INFO  Driver.DriverFactory - Initializing browser: chrome
2026-06-27 14:01:03.707 [main] INFO  Driver.DriverFactory - Launching Chrome browser....
2026-06-27 14:01:06.744 [main] INFO  testCases.TC002_LoginTest - ********* Starting TC_002_LoginTest With Valid Credential *********
2026-06-27 14:01:08.978 [main] INFO  testCases.TC002_LoginTest - ********* Finished TC_002_LoginTest With Valid Credential  *********
2026-06-27 14:01:09.307 [main] INFO  Driver.DriverFactory - Closing Browser
2026-06-27 14:01:09.310 [main] INFO  Driver.DriverFactory - Initializing browser: chrome
2026-06-27 14:01:09.310 [main] INFO  Driver.DriverFactory - Launching Chrome browser....
2026-06-27 14:01:11.304 [main] INFO  testCases.TC002_LoginTest - ********* Starting TC_002_LoginTest with Invalid credentials *********
2026-06-27 14:01:13.180 [main] INFO  testCases.TC002_LoginTest - ********* Finished TC_002_LoginTest with invalid credentials*********
2026-06-27 14:01:13.587 [main] INFO  Driver.DriverFactory - Closing Browser
2026-06-27 14:48:33.708 [main] INFO  Driver.DriverFactory - Initializing browser: chrome
2026-06-27 14:48:33.713 [main] INFO  Driver.DriverFactory - Launching Chrome browser....
2026-06-27 14:48:36.910 [main] INFO  testCases.TC002_LoginTest - ********* Starting TC_002_LoginTest With Valid Credential *********
2026-06-27 14:48:39.383 [main] INFO  testCases.TC002_LoginTest - ********* Finished TC_002_LoginTest With Valid Credential  *********
2026-06-27 14:48:39.860 [main] INFO  Driver.DriverFactory - Closing Browser
2026-06-27 14:48:39.864 [main] INFO  Driver.DriverFactory - Initializing browser: chrome
2026-06-27 14:48:39.864 [main] INFO  Driver.DriverFactory - Launching Chrome browser....
2026-06-27 14:48:42.200 [main] INFO  testCases.TC002_LoginTest - ********* Starting TC_002_LoginTest with Invalid credentials *********
2026-06-27 14:48:44.639 [main] INFO  testCases.TC002_LoginTest - ********* Finished TC_002_LoginTest with invalid credentials*********
2026-06-27 14:48:44.864 [main] INFO  Driver.DriverFactory - Closing Browser
2026-06-27 14:49:27.401 [main] INFO  Driver.DriverFactory - Initializing browser: chrome
2026-06-27 14:49:27.406 [main] INFO  Driver.DriverFactory - Launching Chrome browser....
2026-06-27 14:49:29.902 [main] INFO  testCases.TC002_LoginTest - ********* Starting TC_002_LoginTest With Valid Credential *********
2026-06-27 14:49:31.890 [main] INFO  testCases.TC002_LoginTest - ********* Finished TC_002_LoginTest With Valid Credential  *********
2026-06-27 14:49:32.176 [main] INFO  Driver.DriverFactory - Closing Browser
2026-06-27 14:49:32.179 [main] INFO  Driver.DriverFactory - Initializing browser: chrome
2026-06-27 14:49:32.179 [main] INFO  Driver.DriverFactory - Launching Chrome browser....
2026-06-27 14:49:33.746 [main] INFO  testCases.TC002_LoginTest - ********* Starting TC_002_LoginTest with Invalid credentials *********
2026-06-27 14:49:36.352 [main] INFO  Driver.DriverFactory - Closing Browser
2026-06-27 14:50:20.961 [main] INFO  Driver.DriverFactory - Initializing browser: chrome
2026-06-27 14:50:20.965 [main] INFO  Driver.DriverFactory - Launching Chrome browser....
2026-06-27 14:50:23.710 [main] INFO  testCases.TC002_LoginTest - ********* Starting TC_002_LoginTest With Valid Credential *********
2026-06-27 14:50:25.923 [main] INFO  testCases.TC002_LoginTest - ********* Finished TC_002_LoginTest With Valid Credential  *********
2026-06-27 14:50:26.262 [main] INFO  Driver.DriverFactory - Closing Browser
2026-06-27 14:50:26.266 [main] INFO  Driver.DriverFactory - Initializing browser: chrome
2026-06-27 14:50:26.267 [main] INFO  Driver.DriverFactory - Launching Chrome browser....
2026-06-27 14:50:28.636 [main] INFO  testCases.TC002_LoginTest - ********* Starting TC_002_LoginTest with Invalid credentials *********
2026-06-27 14:50:30.752 [main] INFO  testCases.TC002_LoginTest - ********* Finished TC_002_LoginTest with invalid credentials*********
2026-06-27 14:50:30.967 [main] INFO  Driver.DriverFactory - Closing Browser
2026-06-27 14:54:42.435 [main] INFO  Driver.DriverFactory - Initializing browser: chrome
2026-06-27 14:54:42.439 [main] INFO  Driver.DriverFactory - Launching Chrome browser....
2026-06-27 14:55:18.757 [main] INFO  Driver.DriverFactory - Initializing browser: chrome
2026-06-27 14:55:18.764 [main] INFO  Driver.DriverFactory - Launching Chrome browser....
2026-06-27 14:55:22.002 [main] INFO  testCases.TC002_LoginTest - ********* Starting TC_002_LoginTest With Valid Credential *********
2026-06-27 14:55:22.226 [main] INFO  testCases.TC002_LoginTest - Click my account
2026-06-27 14:55:22.880 [main] INFO  testCases.TC002_LoginTest - Click login
2026-06-27 14:55:23.528 [main] INFO  testCases.TC002_LoginTest - Passed Username and Password and Clicked Login
2026-06-27 14:55:24.114 [main] INFO  testCases.TC002_LoginTest - TEST PASSED
2026-06-27 14:55:24.114 [main] INFO  testCases.TC002_LoginTest - ********* Finished TC_002_LoginTest With Valid Credential  *********
2026-06-27 14:55:24.516 [main] INFO  Driver.DriverFactory - Closing Browser
2026-06-27 14:55:24.519 [main] INFO  Driver.DriverFactory - Initializing browser: chrome
2026-06-27 14:55:24.519 [main] INFO  Driver.DriverFactory - Launching Chrome browser....
2026-06-27 14:55:27.117 [main] INFO  testCases.TC002_LoginTest - ********* Starting TC_002_LoginTest with Invalid credentials *********
2026-06-27 14:55:27.386 [main] INFO  testCases.TC002_LoginTest - Click my account
2026-06-27 14:55:28.224 [main] INFO  testCases.TC002_LoginTest - Click login
2026-06-27 14:55:28.880 [main] INFO  testCases.TC002_LoginTest - Passed Invalid Username and Password and Clicked Login
2026-06-27 14:55:29.467 [main] INFO  testCases.TC002_LoginTest - TEST PASSED
2026-06-27 14:55:29.467 [main] INFO  testCases.TC002_LoginTest - ********* Finished TC_002_LoginTest with invalid credentials*********
2026-06-27 14:55:29.747 [main] INFO  Driver.DriverFactory - Closing Browser
2026-07-02 14:02:18.816 [main] INFO  Driver.DriverFactory - Initializing browser: chrome
2026-07-02 14:02:18.823 [main] INFO  Driver.DriverFactory - Launching Chrome browser....
2026-07-02 14:03:27.021 [main] INFO  Driver.DriverFactory - Initializing browser: chrome
2026-07-02 14:03:27.028 [main] INFO  Driver.DriverFactory - Launching Chrome browser....
2026-07-02 14:03:33.937 [main] INFO  testCases.TC002_LoginTest - ********* Starting TC_002_LoginTest With Valid Credential *********
2026-07-02 14:03:34.814 [main] INFO  testCases.TC002_LoginTest - Click my account
2026-07-02 14:03:35.461 [main] INFO  testCases.TC002_LoginTest - Click login
2026-07-02 14:03:36.018 [main] INFO  testCases.TC002_LoginTest - Passed Username and Password and Clicked Login
2026-07-02 14:03:36.802 [main] INFO  testCases.TC002_LoginTest - TEST PASSED
2026-07-02 14:03:36.803 [main] INFO  testCases.TC002_LoginTest - ********* Finished TC_002_LoginTest With Valid Credential  *********
2026-07-02 14:03:37.137 [main] INFO  Driver.DriverFactory - Closing Browser
2026-07-02 14:03:37.141 [main] INFO  Driver.DriverFactory - Initializing browser: chrome
2026-07-02 14:03:37.141 [main] INFO  Driver.DriverFactory - Launching Chrome browser....
2026-07-02 14:03:38.841 [main] INFO  testCases.TC002_LoginTest - ********* Starting TC_002_LoginTest with Invalid credentials *********
2026-07-02 14:03:39.352 [main] INFO  testCases.TC002_LoginTest - Click my account
2026-07-02 14:03:40.009 [main] INFO  testCases.TC002_LoginTest - Click login
2026-07-02 14:03:40.595 [main] INFO  testCases.TC002_LoginTest - Passed Invalid Username and Password and Clicked Login
2026-07-02 14:03:41.159 [main] INFO  testCases.TC002_LoginTest - TEST PASSED
2026-07-02 14:03:41.159 [main] INFO  testCases.TC002_LoginTest - ********* Finished TC_002_LoginTest with invalid credentials*********
2026-07-02 14:03:41.439 [main] INFO  Driver.DriverFactory - Closing Browser
2026-07-02 14:03:42.404 [main] INFO  Driver.DriverFactory - Initializing browser: chrome
2026-07-02 14:03:42.404 [main] INFO  Driver.DriverFactory - Launching Chrome browser....
2026-07-02 14:03:44.130 [main] INFO  testCases.TC002_LoginTest - ********* Starting TC_002_LoginTest With Test Data *********
2026-07-02 14:03:44.318 [main] INFO  testCases.TC002_LoginTest - Click my account
2026-07-02 14:03:45.104 [main] INFO  testCases.TC002_LoginTest - Click login
2026-07-02 14:03:45.962 [main] INFO  testCases.TC002_LoginTest - Entered Username: tusharpotdar99@gmail.com
2026-07-02 14:03:45.962 [main] INFO  testCases.TC002_LoginTest - Clicked Login button
2026-07-02 14:03:46.564 [main] INFO  testCases.TC002_LoginTest - Login successful as expected.
2026-07-02 14:03:46.564 [main] INFO  testCases.TC002_LoginTest - ********* Finished TC_003_LoginTest_DDT *********
2026-07-02 14:03:46.858 [main] INFO  Driver.DriverFactory - Closing Browser
2026-07-02 14:03:46.859 [main] INFO  Driver.DriverFactory - Initializing browser: chrome
2026-07-02 14:03:46.860 [main] INFO  Driver.DriverFactory - Launching Chrome browser....
2026-07-02 14:03:48.692 [main] INFO  testCases.TC002_LoginTest - ********* Starting TC_002_LoginTest With Test Data *********
2026-07-02 14:03:48.884 [main] INFO  testCases.TC002_LoginTest - Click my account
2026-07-02 14:03:49.375 [main] INFO  testCases.TC002_LoginTest - Click login
2026-07-02 14:03:49.866 [main] INFO  testCases.TC002_LoginTest - Entered Username: tusharpotdar99@gmail.com
2026-07-02 14:03:49.866 [main] INFO  testCases.TC002_LoginTest - Clicked Login button
2026-07-02 14:04:10.042 [main] INFO  testCases.TC002_LoginTest - Invalid login verified successfully.
2026-07-02 14:04:10.042 [main] INFO  testCases.TC002_LoginTest - ********* Finished TC_003_LoginTest_DDT *********
2026-07-02 14:04:10.329 [main] INFO  Driver.DriverFactory - Closing Browser
2026-07-02 14:04:10.331 [main] INFO  Driver.DriverFactory - Initializing browser: chrome
2026-07-02 14:04:10.331 [main] INFO  Driver.DriverFactory - Launching Chrome browser....
2026-07-02 14:04:12.414 [main] INFO  testCases.TC002_LoginTest - ********* Starting TC_002_LoginTest With Test Data *********
2026-07-02 14:04:12.672 [main] INFO  testCases.TC002_LoginTest - Click my account
2026-07-02 14:04:13.129 [main] INFO  testCases.TC002_LoginTest - Click login
2026-07-02 14:04:13.592 [main] INFO  testCases.TC002_LoginTest - Entered Username: tusharpotdar@gmail.com
2026-07-02 14:04:13.594 [main] INFO  testCases.TC002_LoginTest - Clicked Login button
2026-07-02 14:04:33.649 [main] INFO  testCases.TC002_LoginTest - Invalid login verified successfully.
2026-07-02 14:04:33.649 [main] INFO  testCases.TC002_LoginTest - ********* Finished TC_003_LoginTest_DDT *********
2026-07-02 14:04:33.919 [main] INFO  Driver.DriverFactory - Closing Browser
2026-07-02 14:04:33.920 [main] INFO  Driver.DriverFactory - Initializing browser: chrome
2026-07-02 14:04:33.920 [main] INFO  Driver.DriverFactory - Launching Chrome browser....
2026-07-02 14:04:35.554 [main] INFO  testCases.TC002_LoginTest - ********* Starting TC_002_LoginTest With Test Data *********
2026-07-02 14:04:36.043 [main] INFO  testCases.TC002_LoginTest - Click my account
2026-07-02 14:04:36.507 [main] INFO  testCases.TC002_LoginTest - Click login
2026-07-02 14:04:36.983 [main] INFO  testCases.TC002_LoginTest - Entered Username: tusharpotdar@gmail.com
2026-07-02 14:04:36.984 [main] INFO  testCases.TC002_LoginTest - Clicked Login button
2026-07-02 14:04:57.020 [main] INFO  testCases.TC002_LoginTest - Invalid login verified successfully.
2026-07-02 14:04:57.021 [main] INFO  testCases.TC002_LoginTest - ********* Finished TC_003_LoginTest_DDT *********
2026-07-02 14:04:57.302 [main] INFO  Driver.DriverFactory - Closing Browser
2026-07-02 15:09:42.505 [main] INFO  testCases.TC001_RegistrationTest - ********* Starting TC_001_RegistrationTest With Valid Credential *********
2026-07-02 15:09:42.841 [main] INFO  testCases.TC001_RegistrationTest - Clicked My Account
2026-07-02 15:09:44.034 [main] INFO  testCases.TC001_RegistrationTest - Clicked Register
2026-07-02 15:09:46.040 [main] ERROR testCases.TC001_RegistrationTest - Registration test failed
org.openqa.selenium.ElementClickInterceptedException: element click intercepted: Element is not clickable at point (262, 798)
  (Session info: chrome=150.0.7871.47)
Build info: version: '4.41.0', revision: '9fc754f'
System info: os.name: 'Windows 11', os.arch: 'amd64', os.version: '10.0', java.version: '24'
Driver info: org.openqa.selenium.chrome.ChromeDriver
Command: [37d58b9ef4c290254322b141706cefff, clickElement {id=f.2EBC61EE1F56B37B719C13F319885D74.d.D4B9FC1C428D7608D6F53081044A3BA8.e.71}]
Capabilities {acceptInsecureCerts: false, browserName: chrome, browserVersion: 150.0.7871.47, chrome: {chromedriverVersion: 150.0.7871.46 (5b586c06e0d2..., userDataDir: C:\Users\Tushar\AppData\Loc...}, fedcm:accounts: true, goog:chromeOptions: {debuggerAddress: localhost:55984}, goog:processID: 5832, networkConnectionEnabled: false, pageLoadStrategy: normal, platformName: windows, proxy: Proxy(), se:cdp: ws://localhost:55984/devtoo..., se:cdpVersion: 150.0.7871.47, setWindowRect: true, strictFileInteractability: false, timeouts: {implicit: 0, pageLoad: 300000, script: 30000}, unhandledPromptBehavior: dismiss and notify, webauthn:extension:credBlob: true, webauthn:extension:largeBlob: true, webauthn:extension:minPinLength: true, webauthn:extension:prf: true, webauthn:virtualAuthenticators: true}
Element: [[ChromeDriver: chrome on windows (37d58b9ef4c290254322b141706cefff)] -> xpath: //input[@type ='checkbox' and @id = 'input-newsletter']]
Session ID: 37d58b9ef4c290254322b141706cefff
	at org.openqa.selenium.remote.ErrorCodec.decode(ErrorCodec.java:169) ~[selenium-remote-driver-4.41.0.jar:?]
	at org.openqa.selenium.remote.codec.w3c.W3CHttpResponseCodec.decode(W3CHttpResponseCodec.java:142) ~[selenium-remote-driver-4.41.0.jar:?]
	at org.openqa.selenium.remote.codec.w3c.W3CHttpResponseCodec.decode(W3CHttpResponseCodec.java:49) ~[selenium-remote-driver-4.41.0.jar:?]
	at org.openqa.selenium.remote.HttpCommandExecutor.execute(HttpCommandExecutor.java:223) ~[selenium-remote-driver-4.41.0.jar:?]
	at org.openqa.selenium.remote.service.DriverCommandExecutor.invokeExecute(DriverCommandExecutor.java:216) ~[selenium-remote-driver-4.41.0.jar:?]
	at org.openqa.selenium.remote.service.DriverCommandExecutor.execute(DriverCommandExecutor.java:174) ~[selenium-remote-driver-4.41.0.jar:?]
	at org.openqa.selenium.remote.RemoteWebDriver.execute(RemoteWebDriver.java:604) ~[selenium-remote-driver-4.41.0.jar:?]
	at org.openqa.selenium.remote.RemoteWebElement.execute(RemoteWebElement.java:223) ~[selenium-remote-driver-4.41.0.jar:?]
	at org.openqa.selenium.remote.RemoteWebElement.click(RemoteWebElement.java:76) ~[selenium-remote-driver-4.41.0.jar:?]
	at Actions.ElementActions.click(ElementActions.java:34) ~[classes/:?]
	at PageObjects.AccountRegistrationPage.subscribeNewsletter(AccountRegistrationPage.java:63) ~[classes/:?]
	at PageObjects.AccountRegistrationPage.register(AccountRegistrationPage.java:87) ~[classes/:?]
	at testCases.TC001_RegistrationTest.verifyUserRegistration(TC001_RegistrationTest.java:42) [test-classes/:?]
	at java.base/jdk.internal.reflect.DirectMethodHandleAccessor.invoke(DirectMethodHandleAccessor.java:104) ~[?:?]
	at java.base/java.lang.reflect.Method.invoke(Method.java:565) ~[?:?]
	at org.testng.internal.invokers.MethodInvocationHelper.invokeMethod(MethodInvocationHelper.java:141) [testng-7.12.0.jar:7.12.0]
	at org.testng.internal.invokers.TestInvoker.invokeMethod(TestInvoker.java:697) [testng-7.12.0.jar:7.12.0]
	at org.testng.internal.invokers.TestInvoker.invokeTestMethod(TestInvoker.java:230) [testng-7.12.0.jar:7.12.0]
	at org.testng.internal.invokers.MethodRunner.runInSequence(MethodRunner.java:63) [testng-7.12.0.jar:7.12.0]
	at org.testng.internal.invokers.TestInvoker$MethodInvocationAgent.invoke(TestInvoker.java:1005) [testng-7.12.0.jar:7.12.0]
	at org.testng.internal.invokers.TestInvoker.invokeTestMethods(TestInvoker.java:203) [testng-7.12.0.jar:7.12.0]
	at org.testng.internal.invokers.TestMethodWorker.invokeTestMethods(TestMethodWorker.java:154) [testng-7.12.0.jar:7.12.0]
	at org.testng.internal.invokers.TestMethodWorker.run(TestMethodWorker.java:134) [testng-7.12.0.jar:7.12.0]
	at java.base/java.util.ArrayList.forEach(ArrayList.java:1604) [?:?]
	at org.testng.TestRunner.privateRun(TestRunner.java:744) [testng-7.12.0.jar:7.12.0]
	at org.testng.TestRunner.run(TestRunner.java:616) [testng-7.12.0.jar:7.12.0]
	at org.testng.SuiteRunner.runTest(SuiteRunner.java:421) [testng-7.12.0.jar:7.12.0]
	at org.testng.SuiteRunner.runSequentially(SuiteRunner.java:413) [testng-7.12.0.jar:7.12.0]
	at org.testng.SuiteRunner.privateRun(SuiteRunner.java:373) [testng-7.12.0.jar:7.12.0]
	at org.testng.SuiteRunner.run(SuiteRunner.java:312) [testng-7.12.0.jar:7.12.0]
	at org.testng.SuiteRunnerWorker.runSuite(SuiteRunnerWorker.java:52) [testng-7.12.0.jar:7.12.0]
	at org.testng.SuiteRunnerWorker.run(SuiteRunnerWorker.java:95) [testng-7.12.0.jar:7.12.0]
	at org.testng.TestNG.runSuitesSequentially(TestNG.java:1274) [testng-7.12.0.jar:7.12.0]
	at org.testng.TestNG.runSuitesLocally(TestNG.java:1208) [testng-7.12.0.jar:7.12.0]
	at org.testng.TestNG.runSuites(TestNG.java:1112) [testng-7.12.0.jar:7.12.0]
	at org.testng.TestNG.run(TestNG.java:1079) [testng-7.12.0.jar:7.12.0]
	at org.apache.maven.surefire.testng.TestNGExecutor.run(TestNGExecutor.java:155) [surefire-testng-3.2.5.jar:3.2.5]
	at org.apache.maven.surefire.testng.TestNGDirectoryTestSuite.executeMulti(TestNGDirectoryTestSuite.java:169) [surefire-testng-3.2.5.jar:3.2.5]
	at org.apache.maven.surefire.testng.TestNGDirectoryTestSuite.execute(TestNGDirectoryTestSuite.java:88) [surefire-testng-3.2.5.jar:3.2.5]
	at org.apache.maven.surefire.testng.TestNGProvider.invoke(TestNGProvider.java:137) [surefire-testng-3.2.5.jar:3.2.5]
	at org.apache.maven.surefire.booter.ForkedBooter.runSuitesInProcess(ForkedBooter.java:385) [surefire-booter-3.2.5.jar:3.2.5]
	at org.apache.maven.surefire.booter.ForkedBooter.execute(ForkedBooter.java:162) [surefire-booter-3.2.5.jar:3.2.5]
	at org.apache.maven.surefire.booter.ForkedBooter.run(ForkedBooter.java:507) [surefire-booter-3.2.5.jar:3.2.5]
	at org.apache.maven.surefire.booter.ForkedBooter.main(ForkedBooter.java:495) [surefire-booter-3.2.5.jar:3.2.5]
2026-07-02 15:09:46.080 [main] INFO  Driver.DriverFactory - Closing Browser
2026-07-02 15:09:48.284 [main] INFO  testCases.TC002_LoginTest - ********* Starting TC_002_LoginTest With Valid Credential *********
2026-07-02 15:09:48.552 [main] INFO  testCases.TC002_LoginTest - Click my account
2026-07-02 15:09:49.101 [main] INFO  testCases.TC002_LoginTest - Click login
2026-07-02 15:09:49.546 [main] INFO  testCases.TC002_LoginTest - Passed Username and Password and Clicked Login
2026-07-02 15:09:50.133 [main] INFO  testCases.TC002_LoginTest - TEST PASSED
2026-07-02 15:09:50.133 [main] INFO  testCases.TC002_LoginTest - ********* Finished TC_002_LoginTest With Valid Credential  *********
2026-07-02 15:09:50.136 [main] INFO  Driver.DriverFactory - Closing Browser
2026-07-02 15:09:52.351 [main] INFO  testCases.TC002_LoginTest - ********* Starting TC_002_LoginTest with Invalid credentials *********
2026-07-02 15:09:52.634 [main] INFO  testCases.TC002_LoginTest - Click my account
2026-07-02 15:09:53.845 [main] INFO  testCases.TC002_LoginTest - Click login
2026-07-02 15:09:54.524 [main] INFO  testCases.TC002_LoginTest - Passed Invalid Username and Password and Clicked Login
2026-07-02 15:09:55.088 [main] INFO  testCases.TC002_LoginTest - TEST PASSED
2026-07-02 15:09:55.088 [main] INFO  testCases.TC002_LoginTest - ********* Finished TC_002_LoginTest with invalid credentials*********
2026-07-02 15:09:55.091 [main] INFO  Driver.DriverFactory - Closing Browser
2026-07-02 15:10:00.295 [main] INFO  testCases.TC002_LoginTest - ********* Starting TC_002_LoginTest With Test Data *********
2026-07-02 15:10:00.708 [main] INFO  testCases.TC002_LoginTest - Click my account
2026-07-02 15:10:02.240 [main] INFO  testCases.TC002_LoginTest - Click login
2026-07-02 15:10:03.252 [main] INFO  testCases.TC002_LoginTest - Entered Username: tusharpotdar99@gmail.com
2026-07-02 15:10:03.253 [main] INFO  testCases.TC002_LoginTest - Clicked Login button
2026-07-02 15:10:04.063 [main] INFO  testCases.TC002_LoginTest - Login successful as expected.
2026-07-02 15:10:04.064 [main] INFO  testCases.TC002_LoginTest - ********* Finished TC_003_LoginTest_DDT *********
2026-07-02 15:10:04.067 [main] INFO  Driver.DriverFactory - Closing Browser
2026-07-02 15:10:06.904 [main] INFO  testCases.TC002_LoginTest - ********* Starting TC_002_LoginTest With Test Data *********
2026-07-02 15:10:07.186 [main] INFO  testCases.TC002_LoginTest - Click my account
2026-07-02 15:10:07.919 [main] INFO  testCases.TC002_LoginTest - Click login
2026-07-02 15:10:09.615 [main] INFO  testCases.TC002_LoginTest - Entered Username: tusharpotdar99@gmail.com
2026-07-02 15:10:09.616 [main] INFO  testCases.TC002_LoginTest - Clicked Login button
2026-07-02 15:10:30.017 [main] INFO  testCases.TC002_LoginTest - Invalid login verified successfully.
2026-07-02 15:10:30.017 [main] INFO  testCases.TC002_LoginTest - ********* Finished TC_003_LoginTest_DDT *********
2026-07-02 15:10:30.019 [main] INFO  Driver.DriverFactory - Closing Browser
2026-07-02 15:10:32.294 [main] INFO  testCases.TC002_LoginTest - ********* Starting TC_002_LoginTest With Test Data *********
2026-07-02 15:10:32.803 [main] INFO  testCases.TC002_LoginTest - Click my account
2026-07-02 15:10:33.408 [main] INFO  testCases.TC002_LoginTest - Click login
2026-07-02 15:10:33.841 [main] INFO  testCases.TC002_LoginTest - Entered Username: tusharpotdar@gmail.com
2026-07-02 15:10:33.841 [main] INFO  testCases.TC002_LoginTest - Clicked Login button
2026-07-02 15:10:53.935 [main] INFO  testCases.TC002_LoginTest - Invalid login verified successfully.
2026-07-02 15:10:53.936 [main] INFO  testCases.TC002_LoginTest - ********* Finished TC_003_LoginTest_DDT *********
2026-07-02 15:10:53.938 [main] INFO  Driver.DriverFactory - Closing Browser
2026-07-02 15:10:56.147 [main] INFO  testCases.TC002_LoginTest - ********* Starting TC_002_LoginTest With Test Data *********
2026-07-02 15:10:56.390 [main] INFO  testCases.TC002_LoginTest - Click my account
2026-07-02 15:10:57.036 [main] INFO  testCases.TC002_LoginTest - Click login
2026-07-02 15:10:57.895 [main] INFO  testCases.TC002_LoginTest - Entered Username: tusharpotdar@gmail.com
2026-07-02 15:10:57.899 [main] INFO  testCases.TC002_LoginTest - Clicked Login button
2026-07-02 15:11:18.055 [main] INFO  testCases.TC002_LoginTest - Invalid login verified successfully.
2026-07-02 15:11:18.056 [main] INFO  testCases.TC002_LoginTest - ********* Finished TC_003_LoginTest_DDT *********
2026-07-02 15:11:18.057 [main] INFO  Driver.DriverFactory - Closing Browser
2026-07-02 15:12:47.239 [main] INFO  testCases.TC001_RegistrationTest - ********* Starting TC_001_RegistrationTest With Valid Credential *********
2026-07-02 15:12:47.762 [main] INFO  testCases.TC001_RegistrationTest - Clicked My Account
2026-07-02 15:12:48.590 [main] INFO  testCases.TC001_RegistrationTest - Clicked Register
2026-07-02 15:12:50.530 [main] ERROR testCases.TC001_RegistrationTest - Registration test failed
org.openqa.selenium.ElementClickInterceptedException: element click intercepted: Element is not clickable at point (262, 798)
  (Session info: chrome=150.0.7871.47)
Build info: version: '4.41.0', revision: '9fc754f'
System info: os.name: 'Windows 11', os.arch: 'amd64', os.version: '10.0', java.version: '24'
Driver info: org.openqa.selenium.chrome.ChromeDriver
Command: [b4dc7a20ddbd0334db9e97505c47dcba, clickElement {id=f.2B22BD011D28DFDFFAD71BC4E0D4801C.d.8FC0BFE2834C27B46B5E4C085B272C58.e.68}]
Capabilities {acceptInsecureCerts: false, browserName: chrome, browserVersion: 150.0.7871.47, chrome: {chromedriverVersion: 150.0.7871.46 (5b586c06e0d2..., userDataDir: C:\Users\Tushar\AppData\Loc...}, fedcm:accounts: true, goog:chromeOptions: {debuggerAddress: localhost:56499}, goog:processID: 22364, networkConnectionEnabled: false, pageLoadStrategy: normal, platformName: windows, proxy: Proxy(), se:cdp: ws://localhost:56499/devtoo..., se:cdpVersion: 150.0.7871.47, setWindowRect: true, strictFileInteractability: false, timeouts: {implicit: 0, pageLoad: 300000, script: 30000}, unhandledPromptBehavior: dismiss and notify, webauthn:extension:credBlob: true, webauthn:extension:largeBlob: true, webauthn:extension:minPinLength: true, webauthn:extension:prf: true, webauthn:virtualAuthenticators: true}
Element: [[ChromeDriver: chrome on windows (b4dc7a20ddbd0334db9e97505c47dcba)] -> xpath: //input[@type ='checkbox' and @id = 'input-newsletter']]
Session ID: b4dc7a20ddbd0334db9e97505c47dcba
	at org.openqa.selenium.remote.ErrorCodec.decode(ErrorCodec.java:169) ~[selenium-remote-driver-4.41.0.jar:?]
	at org.openqa.selenium.remote.codec.w3c.W3CHttpResponseCodec.decode(W3CHttpResponseCodec.java:142) ~[selenium-remote-driver-4.41.0.jar:?]
	at org.openqa.selenium.remote.codec.w3c.W3CHttpResponseCodec.decode(W3CHttpResponseCodec.java:49) ~[selenium-remote-driver-4.41.0.jar:?]
	at org.openqa.selenium.remote.HttpCommandExecutor.execute(HttpCommandExecutor.java:223) ~[selenium-remote-driver-4.41.0.jar:?]
	at org.openqa.selenium.remote.service.DriverCommandExecutor.invokeExecute(DriverCommandExecutor.java:216) ~[selenium-remote-driver-4.41.0.jar:?]
	at org.openqa.selenium.remote.service.DriverCommandExecutor.execute(DriverCommandExecutor.java:174) ~[selenium-remote-driver-4.41.0.jar:?]
	at org.openqa.selenium.remote.RemoteWebDriver.execute(RemoteWebDriver.java:604) ~[selenium-remote-driver-4.41.0.jar:?]
	at org.openqa.selenium.remote.RemoteWebElement.execute(RemoteWebElement.java:223) ~[selenium-remote-driver-4.41.0.jar:?]
	at org.openqa.selenium.remote.RemoteWebElement.click(RemoteWebElement.java:76) ~[selenium-remote-driver-4.41.0.jar:?]
	at Actions.ElementActions.click(ElementActions.java:34) ~[classes/:?]
	at PageObjects.AccountRegistrationPage.subscribeNewsletter(AccountRegistrationPage.java:63) ~[classes/:?]
	at PageObjects.AccountRegistrationPage.register(AccountRegistrationPage.java:87) ~[classes/:?]
	at testCases.TC001_RegistrationTest.verifyUserRegistration(TC001_RegistrationTest.java:42) [test-classes/:?]
	at java.base/jdk.internal.reflect.DirectMethodHandleAccessor.invoke(DirectMethodHandleAccessor.java:104) ~[?:?]
	at java.base/java.lang.reflect.Method.invoke(Method.java:565) ~[?:?]
	at org.testng.internal.invokers.MethodInvocationHelper.invokeMethod(MethodInvocationHelper.java:141) [testng-7.12.0.jar:7.12.0]
	at org.testng.internal.invokers.TestInvoker.invokeMethod(TestInvoker.java:697) [testng-7.12.0.jar:7.12.0]
	at org.testng.internal.invokers.TestInvoker.invokeTestMethod(TestInvoker.java:230) [testng-7.12.0.jar:7.12.0]
	at org.testng.internal.invokers.MethodRunner.runInSequence(MethodRunner.java:63) [testng-7.12.0.jar:7.12.0]
	at org.testng.internal.invokers.TestInvoker$MethodInvocationAgent.invoke(TestInvoker.java:1005) [testng-7.12.0.jar:7.12.0]
	at org.testng.internal.invokers.TestInvoker.invokeTestMethods(TestInvoker.java:203) [testng-7.12.0.jar:7.12.0]
	at org.testng.internal.invokers.TestMethodWorker.invokeTestMethods(TestMethodWorker.java:154) [testng-7.12.0.jar:7.12.0]
	at org.testng.internal.invokers.TestMethodWorker.run(TestMethodWorker.java:134) [testng-7.12.0.jar:7.12.0]
	at java.base/java.util.ArrayList.forEach(ArrayList.java:1604) [?:?]
	at org.testng.TestRunner.privateRun(TestRunner.java:744) [testng-7.12.0.jar:7.12.0]
	at org.testng.TestRunner.run(TestRunner.java:616) [testng-7.12.0.jar:7.12.0]
	at org.testng.SuiteRunner.runTest(SuiteRunner.java:421) [testng-7.12.0.jar:7.12.0]
	at org.testng.SuiteRunner.runSequentially(SuiteRunner.java:413) [testng-7.12.0.jar:7.12.0]
	at org.testng.SuiteRunner.privateRun(SuiteRunner.java:373) [testng-7.12.0.jar:7.12.0]
	at org.testng.SuiteRunner.run(SuiteRunner.java:312) [testng-7.12.0.jar:7.12.0]
	at org.testng.SuiteRunnerWorker.runSuite(SuiteRunnerWorker.java:52) [testng-7.12.0.jar:7.12.0]
	at org.testng.SuiteRunnerWorker.run(SuiteRunnerWorker.java:95) [testng-7.12.0.jar:7.12.0]
	at org.testng.TestNG.runSuitesSequentially(TestNG.java:1274) [testng-7.12.0.jar:7.12.0]
	at org.testng.TestNG.runSuitesLocally(TestNG.java:1208) [testng-7.12.0.jar:7.12.0]
	at org.testng.TestNG.runSuites(TestNG.java:1112) [testng-7.12.0.jar:7.12.0]
	at org.testng.TestNG.run(TestNG.java:1079) [testng-7.12.0.jar:7.12.0]
	at org.apache.maven.surefire.testng.TestNGExecutor.run(TestNGExecutor.java:155) [surefire-testng-3.2.5.jar:3.2.5]
	at org.apache.maven.surefire.testng.TestNGDirectoryTestSuite.executeMulti(TestNGDirectoryTestSuite.java:169) [surefire-testng-3.2.5.jar:3.2.5]
	at org.apache.maven.surefire.testng.TestNGDirectoryTestSuite.execute(TestNGDirectoryTestSuite.java:88) [surefire-testng-3.2.5.jar:3.2.5]
	at org.apache.maven.surefire.testng.TestNGProvider.invoke(TestNGProvider.java:137) [surefire-testng-3.2.5.jar:3.2.5]
	at org.apache.maven.surefire.booter.ForkedBooter.runSuitesInProcess(ForkedBooter.java:385) [surefire-booter-3.2.5.jar:3.2.5]
	at org.apache.maven.surefire.booter.ForkedBooter.execute(ForkedBooter.java:162) [surefire-booter-3.2.5.jar:3.2.5]
	at org.apache.maven.surefire.booter.ForkedBooter.run(ForkedBooter.java:507) [surefire-booter-3.2.5.jar:3.2.5]
	at org.apache.maven.surefire.booter.ForkedBooter.main(ForkedBooter.java:495) [surefire-booter-3.2.5.jar:3.2.5]
2026-07-02 15:12:50.549 [main] INFO  Driver.DriverFactory - Closing Browser
2026-07-02 15:12:52.353 [main] INFO  testCases.TC002_LoginTest - ********* Starting TC_002_LoginTest With Valid Credential *********
2026-07-02 15:12:52.526 [main] INFO  testCases.TC002_LoginTest - Click my account
2026-07-02 15:12:53.014 [main] INFO  testCases.TC002_LoginTest - Click login
2026-07-02 15:12:53.606 [main] INFO  testCases.TC002_LoginTest - Passed Username and Password and Clicked Login
2026-07-02 15:12:54.163 [main] INFO  testCases.TC002_LoginTest - TEST PASSED
2026-07-02 15:12:54.163 [main] INFO  testCases.TC002_LoginTest - ********* Finished TC_002_LoginTest With Valid Credential  *********
2026-07-02 15:12:54.164 [main] INFO  Driver.DriverFactory - Closing Browser
2026-07-02 15:12:56.065 [main] INFO  testCases.TC002_LoginTest - ********* Starting TC_002_LoginTest with Invalid credentials *********
2026-07-02 15:12:56.349 [main] INFO  testCases.TC002_LoginTest - Click my account
2026-07-02 15:12:56.815 [main] INFO  testCases.TC002_LoginTest - Click login
2026-07-02 15:12:57.293 [main] INFO  testCases.TC002_LoginTest - Passed Invalid Username and Password and Clicked Login
2026-07-02 15:12:57.854 [main] INFO  testCases.TC002_LoginTest - TEST PASSED
2026-07-02 15:12:57.854 [main] INFO  testCases.TC002_LoginTest - ********* Finished TC_002_LoginTest with invalid credentials*********
2026-07-02 15:12:57.855 [main] INFO  Driver.DriverFactory - Closing Browser
2026-07-02 15:13:01.046 [main] INFO  testCases.TC002_LoginTest - ********* Starting TC_002_LoginTest With Test Data *********
2026-07-02 15:13:01.276 [main] INFO  testCases.TC002_LoginTest - Click my account
2026-07-02 15:13:01.749 [main] INFO  testCases.TC002_LoginTest - Click login
2026-07-02 15:13:02.206 [main] INFO  testCases.TC002_LoginTest - Entered Username: tusharpotdar99@gmail.com
2026-07-02 15:13:02.207 [main] INFO  testCases.TC002_LoginTest - Clicked Login button
2026-07-02 15:13:02.790 [main] INFO  testCases.TC002_LoginTest - Login successful as expected.
2026-07-02 15:13:02.790 [main] INFO  testCases.TC002_LoginTest - ********* Finished TC_003_LoginTest_DDT *********
2026-07-02 15:13:02.792 [main] INFO  Driver.DriverFactory - Closing Browser
2026-07-02 15:13:04.601 [main] INFO  testCases.TC002_LoginTest - ********* Starting TC_002_LoginTest With Test Data *********
2026-07-02 15:13:05.092 [main] INFO  testCases.TC002_LoginTest - Click my account
2026-07-02 15:13:05.546 [main] INFO  testCases.TC002_LoginTest - Click login
2026-07-02 15:13:05.973 [main] INFO  testCases.TC002_LoginTest - Entered Username: tusharpotdar99@gmail.com
2026-07-02 15:13:05.973 [main] INFO  testCases.TC002_LoginTest - Clicked Login button
2026-07-02 15:13:26.378 [main] INFO  testCases.TC002_LoginTest - Invalid login verified successfully.
2026-07-02 15:13:26.378 [main] INFO  testCases.TC002_LoginTest - ********* Finished TC_003_LoginTest_DDT *********
2026-07-02 15:13:26.379 [main] INFO  Driver.DriverFactory - Closing Browser
2026-07-02 15:13:28.333 [main] INFO  testCases.TC002_LoginTest - ********* Starting TC_002_LoginTest With Test Data *********
2026-07-02 15:13:28.584 [main] INFO  testCases.TC002_LoginTest - Click my account
2026-07-02 15:13:28.980 [main] INFO  testCases.TC002_LoginTest - Click login
2026-07-02 15:13:29.401 [main] INFO  testCases.TC002_LoginTest - Entered Username: tusharpotdar@gmail.com
2026-07-02 15:13:29.401 [main] INFO  testCases.TC002_LoginTest - Clicked Login button
2026-07-02 15:13:49.539 [main] INFO  testCases.TC002_LoginTest - Invalid login verified successfully.
2026-07-02 15:13:49.540 [main] INFO  testCases.TC002_LoginTest - ********* Finished TC_003_LoginTest_DDT *********
2026-07-02 15:13:49.541 [main] INFO  Driver.DriverFactory - Closing Browser
2026-07-02 15:13:51.575 [main] INFO  testCases.TC002_LoginTest - ********* Starting TC_002_LoginTest With Test Data *********
2026-07-02 15:13:51.887 [main] INFO  testCases.TC002_LoginTest - Click my account
2026-07-02 15:13:52.320 [main] INFO  testCases.TC002_LoginTest - Click login
2026-07-02 15:13:52.738 [main] INFO  testCases.TC002_LoginTest - Entered Username: tusharpotdar@gmail.com
2026-07-02 15:13:52.739 [main] INFO  testCases.TC002_LoginTest - Clicked Login button
2026-07-02 15:14:13.031 [main] INFO  testCases.TC002_LoginTest - Invalid login verified successfully.
2026-07-02 15:14:13.032 [main] INFO  testCases.TC002_LoginTest - ********* Finished TC_003_LoginTest_DDT *********
2026-07-02 15:14:13.034 [main] INFO  Driver.DriverFactory - Closing Browser
2026-07-02 15:46:32.380 [main] INFO  testCases.TC001_RegistrationTest - ********* Starting TC_001_RegistrationTest With Valid Credential *********
2026-07-02 15:46:52.898 [main] ERROR testCases.TC001_RegistrationTest - Registration test failed
org.openqa.selenium.TimeoutException: Expected condition failed: waiting for element found by By.xpath: //span[normalize-space()='My Account'] to be clickable, but the element null.
(tried for 20 seconds with 500 milliseconds interval)
	at org.openqa.selenium.support.ui.WebDriverWait.timeoutException(WebDriverWait.java:85) ~[selenium-support-4.41.0.jar:?]
	at org.openqa.selenium.support.ui.FluentWait.until(FluentWait.java:233) ~[selenium-support-4.41.0.jar:?]
	at Actions.ElementActions.click(ElementActions.java:34) ~[classes/:?]
	at Components.HeaderComponent.clickMyAccount(HeaderComponent.java:42) ~[classes/:?]
	at testCases.TC001_RegistrationTest.verifyUserRegistration(TC001_RegistrationTest.java:33) [test-classes/:?]
	at java.base/jdk.internal.reflect.DirectMethodHandleAccessor.invoke(DirectMethodHandleAccessor.java:104) ~[?:?]
	at java.base/java.lang.reflect.Method.invoke(Method.java:565) ~[?:?]
	at org.testng.internal.invokers.MethodInvocationHelper.invokeMethod(MethodInvocationHelper.java:141) [testng-7.12.0.jar:7.12.0]
	at org.testng.internal.invokers.TestInvoker.invokeMethod(TestInvoker.java:697) [testng-7.12.0.jar:7.12.0]
	at org.testng.internal.invokers.TestInvoker.invokeTestMethod(TestInvoker.java:230) [testng-7.12.0.jar:7.12.0]
	at org.testng.internal.invokers.MethodRunner.runInSequence(MethodRunner.java:63) [testng-7.12.0.jar:7.12.0]
	at org.testng.internal.invokers.TestInvoker$MethodInvocationAgent.invoke(TestInvoker.java:1005) [testng-7.12.0.jar:7.12.0]
	at org.testng.internal.invokers.TestInvoker.invokeTestMethods(TestInvoker.java:203) [testng-7.12.0.jar:7.12.0]
	at org.testng.internal.invokers.TestMethodWorker.invokeTestMethods(TestMethodWorker.java:154) [testng-7.12.0.jar:7.12.0]
	at org.testng.internal.invokers.TestMethodWorker.run(TestMethodWorker.java:134) [testng-7.12.0.jar:7.12.0]
	at java.base/java.util.ArrayList.forEach(ArrayList.java:1604) [?:?]
	at org.testng.TestRunner.privateRun(TestRunner.java:744) [testng-7.12.0.jar:7.12.0]
	at org.testng.TestRunner.run(TestRunner.java:616) [testng-7.12.0.jar:7.12.0]
	at org.testng.SuiteRunner.runTest(SuiteRunner.java:421) [testng-7.12.0.jar:7.12.0]
	at org.testng.SuiteRunner.runSequentially(SuiteRunner.java:413) [testng-7.12.0.jar:7.12.0]
	at org.testng.SuiteRunner.privateRun(SuiteRunner.java:373) [testng-7.12.0.jar:7.12.0]
	at org.testng.SuiteRunner.run(SuiteRunner.java:312) [testng-7.12.0.jar:7.12.0]
	at org.testng.SuiteRunnerWorker.runSuite(SuiteRunnerWorker.java:52) [testng-7.12.0.jar:7.12.0]
	at org.testng.SuiteRunnerWorker.run(SuiteRunnerWorker.java:95) [testng-7.12.0.jar:7.12.0]
	at org.testng.TestNG.runSuitesSequentially(TestNG.java:1274) [testng-7.12.0.jar:7.12.0]
	at org.testng.TestNG.runSuitesLocally(TestNG.java:1208) [testng-7.12.0.jar:7.12.0]
	at org.testng.TestNG.runSuites(TestNG.java:1112) [testng-7.12.0.jar:7.12.0]
	at org.testng.TestNG.run(TestNG.java:1079) [testng-7.12.0.jar:7.12.0]
	at org.apache.maven.surefire.testng.TestNGExecutor.run(TestNGExecutor.java:155) [surefire-testng-3.2.5.jar:3.2.5]
	at org.apache.maven.surefire.testng.TestNGDirectoryTestSuite.executeMulti(TestNGDirectoryTestSuite.java:169) [surefire-testng-3.2.5.jar:3.2.5]
	at org.apache.maven.surefire.testng.TestNGDirectoryTestSuite.execute(TestNGDirectoryTestSuite.java:88) [surefire-testng-3.2.5.jar:3.2.5]
	at org.apache.maven.surefire.testng.TestNGProvider.invoke(TestNGProvider.java:137) [surefire-testng-3.2.5.jar:3.2.5]
	at org.apache.maven.surefire.booter.ForkedBooter.runSuitesInProcess(ForkedBooter.java:385) [surefire-booter-3.2.5.jar:3.2.5]
	at org.apache.maven.surefire.booter.ForkedBooter.execute(ForkedBooter.java:162) [surefire-booter-3.2.5.jar:3.2.5]
	at org.apache.maven.surefire.booter.ForkedBooter.run(ForkedBooter.java:507) [surefire-booter-3.2.5.jar:3.2.5]
	at org.apache.maven.surefire.booter.ForkedBooter.main(ForkedBooter.java:495) [surefire-booter-3.2.5.jar:3.2.5]
Caused by: org.openqa.selenium.NoSuchWindowException: no such window: target window already closed
from unknown error: web view not found
  (Session info: chrome=150.0.7871.47)
Build info: version: '4.41.0', revision: '9fc754f'
System info: os.name: 'Windows 11', os.arch: 'amd64', os.version: '10.0', java.version: '24'
Driver info: org.openqa.selenium.chrome.ChromeDriver
Command: [0a0ed60dfab684221eb4e8024576025f, findElement {using=xpath, value=//span[normalize-space()='My Account']}]
Capabilities {acceptInsecureCerts: false, browserName: chrome, browserVersion: 150.0.7871.47, chrome: {chromedriverVersion: 150.0.7871.46 (5b586c06e0d2..., userDataDir: C:\Users\Tushar\AppData\Loc...}, fedcm:accounts: true, goog:chromeOptions: {debuggerAddress: localhost:50439}, goog:processID: 20680, networkConnectionEnabled: false, pageLoadStrategy: normal, platformName: windows, proxy: Proxy(), se:cdp: ws://localhost:50439/devtoo..., se:cdpVersion: 150.0.7871.47, setWindowRect: true, strictFileInteractability: false, timeouts: {implicit: 0, pageLoad: 300000, script: 30000}, unhandledPromptBehavior: dismiss and notify, webauthn:extension:credBlob: true, webauthn:extension:largeBlob: true, webauthn:extension:minPinLength: true, webauthn:extension:prf: true, webauthn:virtualAuthenticators: true}
Session ID: 0a0ed60dfab684221eb4e8024576025f
	at org.openqa.selenium.remote.ErrorCodec.decode(ErrorCodec.java:169) ~[selenium-remote-driver-4.41.0.jar:?]
	at org.openqa.selenium.remote.codec.w3c.W3CHttpResponseCodec.decode(W3CHttpResponseCodec.java:142) ~[selenium-remote-driver-4.41.0.jar:?]
	at org.openqa.selenium.remote.codec.w3c.W3CHttpResponseCodec.decode(W3CHttpResponseCodec.java:49) ~[selenium-remote-driver-4.41.0.jar:?]
	at org.openqa.selenium.remote.HttpCommandExecutor.execute(HttpCommandExecutor.java:223) ~[selenium-remote-driver-4.41.0.jar:?]
	at org.openqa.selenium.remote.service.DriverCommandExecutor.invokeExecute(DriverCommandExecutor.java:216) ~[selenium-remote-driver-4.41.0.jar:?]
	at org.openqa.selenium.remote.service.DriverCommandExecutor.execute(DriverCommandExecutor.java:174) ~[selenium-remote-driver-4.41.0.jar:?]
	at org.openqa.selenium.remote.RemoteWebDriver.execute(RemoteWebDriver.java:604) ~[selenium-remote-driver-4.41.0.jar:?]
	at org.openqa.selenium.remote.ElementLocation$ElementFinder$2.findElement(ElementLocation.java:166) ~[selenium-remote-driver-4.41.0.jar:?]
	at org.openqa.selenium.remote.ElementLocation.findElement(ElementLocation.java:60) ~[selenium-remote-driver-4.41.0.jar:?]
	at org.openqa.selenium.remote.RemoteWebDriver.findElement(RemoteWebDriver.java:427) ~[selenium-remote-driver-4.41.0.jar:?]
	at org.openqa.selenium.remote.RemoteWebDriver.findElement(RemoteWebDriver.java:421) ~[selenium-remote-driver-4.41.0.jar:?]
	at org.openqa.selenium.support.ui.ExpectedConditions$22.apply(ExpectedConditions.java:756) ~[selenium-support-4.41.0.jar:?]
	at org.openqa.selenium.support.ui.ExpectedConditions$22.apply(ExpectedConditions.java:749) ~[selenium-support-4.41.0.jar:?]
	at org.openqa.selenium.support.ui.FluentWait.until(FluentWait.java:209) ~[selenium-support-4.41.0.jar:?]
	... 34 more
2026-07-02 15:46:52.933 [main] INFO  Driver.DriverFactory - Closing Browser
2026-07-02 15:46:57.030 [main] INFO  testCases.TC002_LoginTest - ********* Starting TC_002_LoginTest With Valid Credential *********
2026-07-02 15:46:57.256 [main] INFO  testCases.TC002_LoginTest - Click my account
2026-07-02 15:46:57.629 [main] INFO  testCases.TC002_LoginTest - Click login
2026-07-02 15:46:58.217 [main] INFO  testCases.TC002_LoginTest - Passed Username and Password and Clicked Login
2026-07-02 15:46:58.791 [main] INFO  testCases.TC002_LoginTest - TEST PASSED
2026-07-02 15:46:58.791 [main] INFO  testCases.TC002_LoginTest - ********* Finished TC_002_LoginTest With Valid Credential  *********
2026-07-02 15:46:58.792 [main] INFO  Driver.DriverFactory - Closing Browser
2026-07-02 15:47:00.936 [main] INFO  testCases.TC002_LoginTest - ********* Starting TC_002_LoginTest with Invalid credentials *********
2026-07-02 15:47:01.089 [main] INFO  testCases.TC002_LoginTest - Click my account
2026-07-02 15:47:01.564 [main] INFO  testCases.TC002_LoginTest - Click login
2026-07-02 15:48:31.225 [main] INFO  testCases.TC001_RegistrationTest - ********* Starting TC_001_RegistrationTest With Valid Credential *********
2026-07-02 15:48:31.541 [main] INFO  testCases.TC001_RegistrationTest - Clicked My Account
2026-07-02 15:48:31.978 [main] INFO  testCases.TC001_RegistrationTest - Clicked Register
2026-07-02 15:48:33.764 [main] ERROR testCases.TC001_RegistrationTest - Registration test failed
org.openqa.selenium.ElementClickInterceptedException: element click intercepted: Element is not clickable at point (262, 798)
  (Session info: chrome=150.0.7871.47)
Build info: version: '4.41.0', revision: '9fc754f'
System info: os.name: 'Windows 11', os.arch: 'amd64', os.version: '10.0', java.version: '24'
Driver info: org.openqa.selenium.chrome.ChromeDriver
Command: [31dc236251766f8ff1903e0bd54ccddc, clickElement {id=f.F605C8C73150DAEFFADD080C588B786E.d.4C6466DEC842624D0A169E302AFB9ADF.e.66}]
Capabilities {acceptInsecureCerts: false, browserName: chrome, browserVersion: 150.0.7871.47, chrome: {chromedriverVersion: 150.0.7871.46 (5b586c06e0d2..., userDataDir: C:\Users\Tushar\AppData\Loc...}, fedcm:accounts: true, goog:chromeOptions: {debuggerAddress: localhost:49683}, goog:processID: 21640, networkConnectionEnabled: false, pageLoadStrategy: normal, platformName: windows, proxy: Proxy(), se:cdp: ws://localhost:49683/devtoo..., se:cdpVersion: 150.0.7871.47, setWindowRect: true, strictFileInteractability: false, timeouts: {implicit: 0, pageLoad: 300000, script: 30000}, unhandledPromptBehavior: dismiss and notify, webauthn:extension:credBlob: true, webauthn:extension:largeBlob: true, webauthn:extension:minPinLength: true, webauthn:extension:prf: true, webauthn:virtualAuthenticators: true}
Element: [[ChromeDriver: chrome on windows (31dc236251766f8ff1903e0bd54ccddc)] -> xpath: //input[@type ='checkbox' and @id = 'input-newsletter']]
Session ID: 31dc236251766f8ff1903e0bd54ccddc
	at org.openqa.selenium.remote.ErrorCodec.decode(ErrorCodec.java:169) ~[selenium-remote-driver-4.41.0.jar:?]
	at org.openqa.selenium.remote.codec.w3c.W3CHttpResponseCodec.decode(W3CHttpResponseCodec.java:142) ~[selenium-remote-driver-4.41.0.jar:?]
	at org.openqa.selenium.remote.codec.w3c.W3CHttpResponseCodec.decode(W3CHttpResponseCodec.java:49) ~[selenium-remote-driver-4.41.0.jar:?]
	at org.openqa.selenium.remote.HttpCommandExecutor.execute(HttpCommandExecutor.java:223) ~[selenium-remote-driver-4.41.0.jar:?]
	at org.openqa.selenium.remote.service.DriverCommandExecutor.invokeExecute(DriverCommandExecutor.java:216) ~[selenium-remote-driver-4.41.0.jar:?]
	at org.openqa.selenium.remote.service.DriverCommandExecutor.execute(DriverCommandExecutor.java:174) ~[selenium-remote-driver-4.41.0.jar:?]
	at org.openqa.selenium.remote.RemoteWebDriver.execute(RemoteWebDriver.java:604) ~[selenium-remote-driver-4.41.0.jar:?]
	at org.openqa.selenium.remote.RemoteWebElement.execute(RemoteWebElement.java:223) ~[selenium-remote-driver-4.41.0.jar:?]
	at org.openqa.selenium.remote.RemoteWebElement.click(RemoteWebElement.java:76) ~[selenium-remote-driver-4.41.0.jar:?]
	at Actions.ElementActions.click(ElementActions.java:34) ~[classes/:?]
	at PageObjects.AccountRegistrationPage.subscribeNewsletter(AccountRegistrationPage.java:63) ~[classes/:?]
	at PageObjects.AccountRegistrationPage.register(AccountRegistrationPage.java:87) ~[classes/:?]
	at testCases.TC001_RegistrationTest.verifyUserRegistration(TC001_RegistrationTest.java:42) [test-classes/:?]
	at java.base/jdk.internal.reflect.DirectMethodHandleAccessor.invoke(DirectMethodHandleAccessor.java:104) ~[?:?]
	at java.base/java.lang.reflect.Method.invoke(Method.java:565) ~[?:?]
	at org.testng.internal.invokers.MethodInvocationHelper.invokeMethod(MethodInvocationHelper.java:141) [testng-7.12.0.jar:7.12.0]
	at org.testng.internal.invokers.TestInvoker.invokeMethod(TestInvoker.java:697) [testng-7.12.0.jar:7.12.0]
	at org.testng.internal.invokers.TestInvoker.invokeTestMethod(TestInvoker.java:230) [testng-7.12.0.jar:7.12.0]
	at org.testng.internal.invokers.MethodRunner.runInSequence(MethodRunner.java:63) [testng-7.12.0.jar:7.12.0]
	at org.testng.internal.invokers.TestInvoker$MethodInvocationAgent.invoke(TestInvoker.java:1005) [testng-7.12.0.jar:7.12.0]
	at org.testng.internal.invokers.TestInvoker.invokeTestMethods(TestInvoker.java:203) [testng-7.12.0.jar:7.12.0]
	at org.testng.internal.invokers.TestMethodWorker.invokeTestMethods(TestMethodWorker.java:154) [testng-7.12.0.jar:7.12.0]
	at org.testng.internal.invokers.TestMethodWorker.run(TestMethodWorker.java:134) [testng-7.12.0.jar:7.12.0]
	at java.base/java.util.ArrayList.forEach(ArrayList.java:1604) [?:?]
	at org.testng.TestRunner.privateRun(TestRunner.java:744) [testng-7.12.0.jar:7.12.0]
	at org.testng.TestRunner.run(TestRunner.java:616) [testng-7.12.0.jar:7.12.0]
	at org.testng.SuiteRunner.runTest(SuiteRunner.java:421) [testng-7.12.0.jar:7.12.0]
	at org.testng.SuiteRunner.runSequentially(SuiteRunner.java:413) [testng-7.12.0.jar:7.12.0]
	at org.testng.SuiteRunner.privateRun(SuiteRunner.java:373) [testng-7.12.0.jar:7.12.0]
	at org.testng.SuiteRunner.run(SuiteRunner.java:312) [testng-7.12.0.jar:7.12.0]
	at org.testng.SuiteRunnerWorker.runSuite(SuiteRunnerWorker.java:52) [testng-7.12.0.jar:7.12.0]
	at org.testng.SuiteRunnerWorker.run(SuiteRunnerWorker.java:95) [testng-7.12.0.jar:7.12.0]
	at org.testng.TestNG.runSuitesSequentially(TestNG.java:1274) [testng-7.12.0.jar:7.12.0]
	at org.testng.TestNG.runSuitesLocally(TestNG.java:1208) [testng-7.12.0.jar:7.12.0]
	at org.testng.TestNG.runSuites(TestNG.java:1112) [testng-7.12.0.jar:7.12.0]
	at org.testng.TestNG.run(TestNG.java:1079) [testng-7.12.0.jar:7.12.0]
	at org.apache.maven.surefire.testng.TestNGExecutor.run(TestNGExecutor.java:155) [surefire-testng-3.2.5.jar:3.2.5]
	at org.apache.maven.surefire.testng.TestNGDirectoryTestSuite.executeMulti(TestNGDirectoryTestSuite.java:169) [surefire-testng-3.2.5.jar:3.2.5]
	at org.apache.maven.surefire.testng.TestNGDirectoryTestSuite.execute(TestNGDirectoryTestSuite.java:88) [surefire-testng-3.2.5.jar:3.2.5]
	at org.apache.maven.surefire.testng.TestNGProvider.invoke(TestNGProvider.java:137) [surefire-testng-3.2.5.jar:3.2.5]
	at org.apache.maven.surefire.booter.ForkedBooter.runSuitesInProcess(ForkedBooter.java:385) [surefire-booter-3.2.5.jar:3.2.5]
	at org.apache.maven.surefire.booter.ForkedBooter.execute(ForkedBooter.java:162) [surefire-booter-3.2.5.jar:3.2.5]
	at org.apache.maven.surefire.booter.ForkedBooter.run(ForkedBooter.java:507) [surefire-booter-3.2.5.jar:3.2.5]
	at org.apache.maven.surefire.booter.ForkedBooter.main(ForkedBooter.java:495) [surefire-booter-3.2.5.jar:3.2.5]
2026-07-02 15:48:33.781 [main] INFO  Driver.DriverFactory - Closing Browser
2026-07-02 16:03:54.443 [main] INFO  testCases.TC001_RegistrationTest - ********* Starting TC_001_RegistrationTest With Valid Credential *********
2026-07-02 16:03:54.760 [main] INFO  testCases.TC001_RegistrationTest - Clicked My Account
2026-07-02 16:03:55.258 [main] INFO  testCases.TC001_RegistrationTest - Clicked Register
2026-07-02 16:03:56.290 [main] INFO  testCases.TC001_RegistrationTest - Registration form submitted
2026-07-02 16:03:58.084 [main] INFO  testCases.TC001_RegistrationTest - Registration completed successfully.
2026-07-02 16:03:58.085 [main] INFO  testCases.TC001_RegistrationTest - ********** Registration Test Finished **********
2026-07-02 16:03:58.095 [main] INFO  Driver.DriverFactory - Closing Browser
2026-07-02 16:04:05.538 [main] INFO  testCases.TC001_RegistrationTest - ********* Starting TC_001_RegistrationTest With Valid Credential *********
2026-07-02 16:04:05.890 [main] INFO  testCases.TC001_RegistrationTest - Clicked My Account
2026-07-02 16:04:06.376 [main] INFO  testCases.TC001_RegistrationTest - Clicked Register
2026-07-02 16:04:07.452 [main] INFO  testCases.TC001_RegistrationTest - Registration form submitted
2026-07-02 16:04:24.394 [main] ERROR testCases.TC001_RegistrationTest - Registration test failed
org.openqa.selenium.NoSuchSessionException: invalid session id: session deleted as the browser has closed the connection
from disconnected: not connected to DevTools
  (Session info: chrome=150.0.7871.47)
Build info: version: '4.41.0', revision: '9fc754f'
System info: os.name: 'Windows 11', os.arch: 'amd64', os.version: '10.0', java.version: '24'
Driver info: org.openqa.selenium.chrome.ChromeDriver
Command: [eff1620d3c799cb5370a43459213060c, findElement {using=xpath, value=//h1[normalize-space()='Your Account Has Been Created!']}]
Capabilities {acceptInsecureCerts: false, browserName: chrome, browserVersion: 150.0.7871.47, chrome: {chromedriverVersion: 150.0.7871.46 (5b586c06e0d2..., userDataDir: C:\Users\Tushar\AppData\Loc...}, fedcm:accounts: true, goog:chromeOptions: {debuggerAddress: localhost:60006}, goog:processID: 13508, networkConnectionEnabled: false, pageLoadStrategy: normal, platformName: windows, proxy: Proxy(), se:cdp: ws://localhost:60006/devtoo..., se:cdpVersion: 150.0.7871.47, setWindowRect: true, strictFileInteractability: false, timeouts: {implicit: 0, pageLoad: 300000, script: 30000}, unhandledPromptBehavior: dismiss and notify, webauthn:extension:credBlob: true, webauthn:extension:largeBlob: true, webauthn:extension:minPinLength: true, webauthn:extension:prf: true, webauthn:virtualAuthenticators: true}
Session ID: eff1620d3c799cb5370a43459213060c
	at org.openqa.selenium.remote.ErrorCodec.decode(ErrorCodec.java:169) ~[selenium-remote-driver-4.41.0.jar:?]
	at org.openqa.selenium.remote.codec.w3c.W3CHttpResponseCodec.decode(W3CHttpResponseCodec.java:142) ~[selenium-remote-driver-4.41.0.jar:?]
	at org.openqa.selenium.remote.codec.w3c.W3CHttpResponseCodec.decode(W3CHttpResponseCodec.java:49) ~[selenium-remote-driver-4.41.0.jar:?]
	at org.openqa.selenium.remote.HttpCommandExecutor.execute(HttpCommandExecutor.java:223) ~[selenium-remote-driver-4.41.0.jar:?]
	at org.openqa.selenium.remote.service.DriverCommandExecutor.invokeExecute(DriverCommandExecutor.java:216) ~[selenium-remote-driver-4.41.0.jar:?]
	at org.openqa.selenium.remote.service.DriverCommandExecutor.execute(DriverCommandExecutor.java:174) ~[selenium-remote-driver-4.41.0.jar:?]
	at org.openqa.selenium.remote.RemoteWebDriver.execute(RemoteWebDriver.java:604) ~[selenium-remote-driver-4.41.0.jar:?]
	at org.openqa.selenium.remote.ElementLocation$ElementFinder$2.findElement(ElementLocation.java:166) ~[selenium-remote-driver-4.41.0.jar:?]
	at org.openqa.selenium.remote.ElementLocation.findElement(ElementLocation.java:60) ~[selenium-remote-driver-4.41.0.jar:?]
	at org.openqa.selenium.remote.RemoteWebDriver.findElement(RemoteWebDriver.java:427) ~[selenium-remote-driver-4.41.0.jar:?]
	at org.openqa.selenium.remote.RemoteWebDriver.findElement(RemoteWebDriver.java:421) ~[selenium-remote-driver-4.41.0.jar:?]
	at org.openqa.selenium.support.ui.ExpectedConditions$7.apply(ExpectedConditions.java:222) ~[selenium-support-4.41.0.jar:?]
	at org.openqa.selenium.support.ui.ExpectedConditions$7.apply(ExpectedConditions.java:215) ~[selenium-support-4.41.0.jar:?]
	at org.openqa.selenium.support.ui.FluentWait.until(FluentWait.java:209) ~[selenium-support-4.41.0.jar:?]
	at Actions.ElementActions.find(ElementActions.java:26) ~[classes/:?]
	at Actions.ElementActions.isDisplayed(ElementActions.java:52) ~[classes/:?]
	at PageObjects.AccountSuccessPage.isPageHeadingDisplayed(AccountSuccessPage.java:32) ~[classes/:?]
	at PageObjects.AccountSuccessPage.isAccountCreatedSuccessfully(AccountSuccessPage.java:64) ~[classes/:?]
	at testCases.TC001_RegistrationTest.verifyUserRegistration(TC001_RegistrationTest.java:53) [test-classes/:?]
	at java.base/jdk.internal.reflect.DirectMethodHandleAccessor.invoke(DirectMethodHandleAccessor.java:104) ~[?:?]
	at java.base/java.lang.reflect.Method.invoke(Method.java:565) ~[?:?]
	at org.testng.internal.invokers.MethodInvocationHelper.invokeMethod(MethodInvocationHelper.java:141) [testng-7.12.0.jar:7.12.0]
	at org.testng.internal.invokers.TestInvoker.invokeMethod(TestInvoker.java:697) [testng-7.12.0.jar:7.12.0]
	at org.testng.internal.invokers.TestInvoker.invokeTestMethod(TestInvoker.java:230) [testng-7.12.0.jar:7.12.0]
	at org.testng.internal.invokers.MethodRunner.runInSequence(MethodRunner.java:63) [testng-7.12.0.jar:7.12.0]
	at org.testng.internal.invokers.TestInvoker$MethodInvocationAgent.invoke(TestInvoker.java:1005) [testng-7.12.0.jar:7.12.0]
	at org.testng.internal.invokers.TestInvoker.invokeTestMethods(TestInvoker.java:203) [testng-7.12.0.jar:7.12.0]
	at org.testng.internal.invokers.TestMethodWorker.invokeTestMethods(TestMethodWorker.java:154) [testng-7.12.0.jar:7.12.0]
	at org.testng.internal.invokers.TestMethodWorker.run(TestMethodWorker.java:134) [testng-7.12.0.jar:7.12.0]
	at java.base/java.util.ArrayList.forEach(ArrayList.java:1604) [?:?]
	at org.testng.TestRunner.privateRun(TestRunner.java:744) [testng-7.12.0.jar:7.12.0]
	at org.testng.TestRunner.run(TestRunner.java:616) [testng-7.12.0.jar:7.12.0]
	at org.testng.SuiteRunner.runTest(SuiteRunner.java:421) [testng-7.12.0.jar:7.12.0]
	at org.testng.SuiteRunner.runSequentially(SuiteRunner.java:413) [testng-7.12.0.jar:7.12.0]
	at org.testng.SuiteRunner.privateRun(SuiteRunner.java:373) [testng-7.12.0.jar:7.12.0]
	at org.testng.SuiteRunner.run(SuiteRunner.java:312) [testng-7.12.0.jar:7.12.0]
	at org.testng.SuiteRunnerWorker.runSuite(SuiteRunnerWorker.java:52) [testng-7.12.0.jar:7.12.0]
	at org.testng.SuiteRunnerWorker.run(SuiteRunnerWorker.java:95) [testng-7.12.0.jar:7.12.0]
	at org.testng.TestNG.runSuitesSequentially(TestNG.java:1274) [testng-7.12.0.jar:7.12.0]
	at org.testng.TestNG.runSuitesLocally(TestNG.java:1208) [testng-7.12.0.jar:7.12.0]
	at org.testng.TestNG.runSuites(TestNG.java:1112) [testng-7.12.0.jar:7.12.0]
	at org.testng.TestNG.run(TestNG.java:1079) [testng-7.12.0.jar:7.12.0]
	at com.intellij.rt.testng.IDEARemoteTestNG.run(IDEARemoteTestNG.java:65) [testng-rt.jar:?]
	at com.intellij.rt.testng.RemoteTestNGStarter.main(RemoteTestNGStarter.java:105) [testng-rt.jar:?]
2026-07-02 16:04:24.424 [main] INFO  Driver.DriverFactory - Closing Browser
2026-07-02 16:11:14.898 [main] INFO  testCases.TC001_RegistrationTest - ********* Starting TC_001_RegistrationTest With Valid Credential *********
2026-07-02 16:11:15.317 [main] INFO  testCases.TC001_RegistrationTest - Clicked My Account
2026-07-02 16:11:15.742 [main] INFO  testCases.TC001_RegistrationTest - Clicked Register
2026-07-02 16:11:16.912 [main] INFO  testCases.TC001_RegistrationTest - Registration form submitted
2026-07-02 16:11:26.181 [main] ERROR testCases.TC001_RegistrationTest - Registration test failed
org.openqa.selenium.NoSuchSessionException: invalid session id: session deleted as the browser has closed the connection
from disconnected: not connected to DevTools
  (Session info: chrome=150.0.7871.47)
Build info: version: '4.41.0', revision: '9fc754f'
System info: os.name: 'Windows 11', os.arch: 'amd64', os.version: '10.0', java.version: '24'
Driver info: org.openqa.selenium.chrome.ChromeDriver
Command: [03dfe93986130f26c072275a6831afa9, findElement {value=//h1[normalize-space()='Your Account Has Been Created!'], using=xpath}]
Capabilities {acceptInsecureCerts: false, browserName: chrome, browserVersion: 150.0.7871.47, chrome: {chromedriverVersion: 150.0.7871.46 (5b586c06e0d2..., userDataDir: C:\Users\Tushar\AppData\Loc...}, fedcm:accounts: true, goog:chromeOptions: {debuggerAddress: localhost:57458}, goog:processID: 21496, networkConnectionEnabled: false, pageLoadStrategy: normal, platformName: windows, proxy: Proxy(), se:cdp: ws://localhost:57458/devtoo..., se:cdpVersion: 150.0.7871.47, setWindowRect: true, strictFileInteractability: false, timeouts: {implicit: 0, pageLoad: 300000, script: 30000}, unhandledPromptBehavior: dismiss and notify, webauthn:extension:credBlob: true, webauthn:extension:largeBlob: true, webauthn:extension:minPinLength: true, webauthn:extension:prf: true, webauthn:virtualAuthenticators: true}
Session ID: 03dfe93986130f26c072275a6831afa9
	at org.openqa.selenium.remote.ErrorCodec.decode(ErrorCodec.java:169) ~[selenium-remote-driver-4.41.0.jar:?]
	at org.openqa.selenium.remote.codec.w3c.W3CHttpResponseCodec.decode(W3CHttpResponseCodec.java:142) ~[selenium-remote-driver-4.41.0.jar:?]
	at org.openqa.selenium.remote.codec.w3c.W3CHttpResponseCodec.decode(W3CHttpResponseCodec.java:49) ~[selenium-remote-driver-4.41.0.jar:?]
	at org.openqa.selenium.remote.HttpCommandExecutor.execute(HttpCommandExecutor.java:223) ~[selenium-remote-driver-4.41.0.jar:?]
	at org.openqa.selenium.remote.service.DriverCommandExecutor.invokeExecute(DriverCommandExecutor.java:216) ~[selenium-remote-driver-4.41.0.jar:?]
	at org.openqa.selenium.remote.service.DriverCommandExecutor.execute(DriverCommandExecutor.java:174) ~[selenium-remote-driver-4.41.0.jar:?]
	at org.openqa.selenium.remote.RemoteWebDriver.execute(RemoteWebDriver.java:604) ~[selenium-remote-driver-4.41.0.jar:?]
	at org.openqa.selenium.remote.ElementLocation$ElementFinder$2.findElement(ElementLocation.java:166) ~[selenium-remote-driver-4.41.0.jar:?]
	at org.openqa.selenium.remote.ElementLocation.findElement(ElementLocation.java:60) ~[selenium-remote-driver-4.41.0.jar:?]
	at org.openqa.selenium.remote.RemoteWebDriver.findElement(RemoteWebDriver.java:427) ~[selenium-remote-driver-4.41.0.jar:?]
	at org.openqa.selenium.remote.RemoteWebDriver.findElement(RemoteWebDriver.java:421) ~[selenium-remote-driver-4.41.0.jar:?]
	at org.openqa.selenium.support.ui.ExpectedConditions$7.apply(ExpectedConditions.java:222) ~[selenium-support-4.41.0.jar:?]
	at org.openqa.selenium.support.ui.ExpectedConditions$7.apply(ExpectedConditions.java:215) ~[selenium-support-4.41.0.jar:?]
	at org.openqa.selenium.support.ui.FluentWait.until(FluentWait.java:209) ~[selenium-support-4.41.0.jar:?]
	at Actions.ElementActions.find(ElementActions.java:26) ~[classes/:?]
	at Actions.ElementActions.isDisplayed(ElementActions.java:52) ~[classes/:?]
	at PageObjects.AccountSuccessPage.isPageHeadingDisplayed(AccountSuccessPage.java:32) ~[classes/:?]
	at PageObjects.AccountSuccessPage.isAccountCreatedSuccessfully(AccountSuccessPage.java:64) ~[classes/:?]
	at testCases.TC001_RegistrationTest.verifyUserRegistration(TC001_RegistrationTest.java:53) [test-classes/:?]
	at java.base/jdk.internal.reflect.DirectMethodHandleAccessor.invoke(DirectMethodHandleAccessor.java:104) ~[?:?]
	at java.base/java.lang.reflect.Method.invoke(Method.java:565) ~[?:?]
	at org.testng.internal.invokers.MethodInvocationHelper.invokeMethod(MethodInvocationHelper.java:141) [testng-7.12.0.jar:7.12.0]
	at org.testng.internal.invokers.TestInvoker.invokeMethod(TestInvoker.java:697) [testng-7.12.0.jar:7.12.0]
	at org.testng.internal.invokers.TestInvoker.invokeTestMethod(TestInvoker.java:230) [testng-7.12.0.jar:7.12.0]
	at org.testng.internal.invokers.MethodRunner.runInSequence(MethodRunner.java:63) [testng-7.12.0.jar:7.12.0]
	at org.testng.internal.invokers.TestInvoker$MethodInvocationAgent.invoke(TestInvoker.java:1005) [testng-7.12.0.jar:7.12.0]
	at org.testng.internal.invokers.TestInvoker.invokeTestMethods(TestInvoker.java:203) [testng-7.12.0.jar:7.12.0]
	at org.testng.internal.invokers.TestMethodWorker.invokeTestMethods(TestMethodWorker.java:154) [testng-7.12.0.jar:7.12.0]
	at org.testng.internal.invokers.TestMethodWorker.run(TestMethodWorker.java:134) [testng-7.12.0.jar:7.12.0]
	at java.base/java.util.ArrayList.forEach(ArrayList.java:1604) [?:?]
	at org.testng.TestRunner.privateRun(TestRunner.java:744) [testng-7.12.0.jar:7.12.0]
	at org.testng.TestRunner.run(TestRunner.java:616) [testng-7.12.0.jar:7.12.0]
	at org.testng.SuiteRunner.runTest(SuiteRunner.java:421) [testng-7.12.0.jar:7.12.0]
	at org.testng.SuiteRunner.runSequentially(SuiteRunner.java:413) [testng-7.12.0.jar:7.12.0]
	at org.testng.SuiteRunner.privateRun(SuiteRunner.java:373) [testng-7.12.0.jar:7.12.0]
	at org.testng.SuiteRunner.run(SuiteRunner.java:312) [testng-7.12.0.jar:7.12.0]
	at org.testng.SuiteRunnerWorker.runSuite(SuiteRunnerWorker.java:52) [testng-7.12.0.jar:7.12.0]
	at org.testng.SuiteRunnerWorker.run(SuiteRunnerWorker.java:95) [testng-7.12.0.jar:7.12.0]
	at org.testng.TestNG.runSuitesSequentially(TestNG.java:1274) [testng-7.12.0.jar:7.12.0]
	at org.testng.TestNG.runSuitesLocally(TestNG.java:1208) [testng-7.12.0.jar:7.12.0]
	at org.testng.TestNG.runSuites(TestNG.java:1112) [testng-7.12.0.jar:7.12.0]
	at org.testng.TestNG.run(TestNG.java:1079) [testng-7.12.0.jar:7.12.0]
	at org.apache.maven.surefire.testng.TestNGExecutor.run(TestNGExecutor.java:155) [surefire-testng-3.2.5.jar:3.2.5]
	at org.apache.maven.surefire.testng.TestNGDirectoryTestSuite.executeMulti(TestNGDirectoryTestSuite.java:169) [surefire-testng-3.2.5.jar:3.2.5]
	at org.apache.maven.surefire.testng.TestNGDirectoryTestSuite.execute(TestNGDirectoryTestSuite.java:88) [surefire-testng-3.2.5.jar:3.2.5]
	at org.apache.maven.surefire.testng.TestNGProvider.invoke(TestNGProvider.java:137) [surefire-testng-3.2.5.jar:3.2.5]
	at org.apache.maven.surefire.booter.ForkedBooter.runSuitesInProcess(ForkedBooter.java:385) [surefire-booter-3.2.5.jar:3.2.5]
	at org.apache.maven.surefire.booter.ForkedBooter.execute(ForkedBooter.java:162) [surefire-booter-3.2.5.jar:3.2.5]
	at org.apache.maven.surefire.booter.ForkedBooter.run(ForkedBooter.java:507) [surefire-booter-3.2.5.jar:3.2.5]
	at org.apache.maven.surefire.booter.ForkedBooter.main(ForkedBooter.java:495) [surefire-booter-3.2.5.jar:3.2.5]
2026-07-02 16:11:26.218 [main] INFO  Driver.DriverFactory - Closing Browser
2026-07-02 16:13:09.002 [main] INFO  testCases.TC001_RegistrationTest - ********* Starting TC_001_RegistrationTest With Valid Credential *********
2026-07-02 16:13:09.956 [main] INFO  testCases.TC001_RegistrationTest - Clicked My Account
2026-07-02 16:13:10.491 [main] INFO  testCases.TC001_RegistrationTest - Clicked Register
2026-07-02 16:13:11.554 [main] INFO  testCases.TC001_RegistrationTest - Registration form submitted
2026-07-02 16:13:12.566 [main] INFO  testCases.TC001_RegistrationTest - Registration completed successfully.
2026-07-02 16:13:12.566 [main] INFO  testCases.TC001_RegistrationTest - ********** Registration Test Finished **********
2026-07-02 16:13:12.571 [main] INFO  Driver.DriverFactory - Closing Browser
2026-07-02 18:01:09.392 [main] INFO  testCases.TC001_RegistrationTest - ********* Starting TC_001_RegistrationTest With Valid Credential *********
2026-07-02 18:01:11.602 [main] INFO  testCases.TC001_RegistrationTest - Clicked My Account
2026-07-02 18:01:13.260 [main] INFO  testCases.TC001_RegistrationTest - Clicked Register
2026-07-02 18:01:14.729 [main] INFO  testCases.TC001_RegistrationTest - Registration form submitted
2026-07-02 18:01:16.098 [main] INFO  testCases.TC001_RegistrationTest - Registration completed successfully.
2026-07-02 18:01:16.099 [main] INFO  testCases.TC001_RegistrationTest - ********** Registration Test Finished **********
2026-07-02 18:01:16.106 [main] INFO  Driver.DriverFactory - Closing Browser
2026-07-02 18:01:18.951 [main] INFO  testCases.TC002_LoginTest - ********* Starting TC_002_LoginTest With Valid Credential *********
2026-07-02 18:01:19.161 [main] INFO  testCases.TC002_LoginTest - Click my account
2026-07-02 18:01:19.876 [main] INFO  testCases.TC002_LoginTest - Click login
2026-07-02 18:01:20.502 [main] INFO  testCases.TC002_LoginTest - Passed Username and Password and Clicked Login
2026-07-02 18:01:21.241 [main] INFO  testCases.TC002_LoginTest - TEST PASSED
2026-07-02 18:01:21.241 [main] INFO  testCases.TC002_LoginTest - ********* Finished TC_002_LoginTest With Valid Credential  *********
2026-07-02 18:01:21.244 [main] INFO  Driver.DriverFactory - Closing Browser
2026-07-02 18:01:23.393 [main] INFO  testCases.TC002_LoginTest - ********* Starting TC_002_LoginTest with Invalid credentials *********
2026-07-02 18:01:23.744 [main] INFO  testCases.TC002_LoginTest - Click my account
2026-07-02 18:01:24.387 [main] INFO  testCases.TC002_LoginTest - Click login
2026-07-02 18:01:24.821 [main] INFO  testCases.TC002_LoginTest - Passed Invalid Username and Password and Clicked Login
2026-07-02 18:01:25.411 [main] INFO  testCases.TC002_LoginTest - TEST PASSED
2026-07-02 18:01:25.412 [main] INFO  testCases.TC002_LoginTest - ********* Finished TC_002_LoginTest with invalid credentials*********
2026-07-02 18:01:25.416 [main] INFO  Driver.DriverFactory - Closing Browser
2026-07-02 18:01:27.576 [main] INFO  testCases.TC002_LoginTest - ********* Starting TC_002_LoginTest With Test Data *********
2026-07-02 18:01:27.814 [main] INFO  testCases.TC002_LoginTest - Click my account
2026-07-02 18:01:28.328 [main] INFO  testCases.TC002_LoginTest - Click login
2026-07-02 18:01:28.808 [main] INFO  testCases.TC002_LoginTest - Entered Username: tusharpotdar99@gmail.com
2026-07-02 18:01:28.808 [main] INFO  testCases.TC002_LoginTest - Clicked Login button
2026-07-02 18:01:29.763 [main] INFO  testCases.TC002_LoginTest - Login successful as expected.
2026-07-02 18:01:29.763 [main] INFO  testCases.TC002_LoginTest - ********* Finished TC_003_LoginTest_DDT *********
2026-07-02 18:01:29.767 [main] INFO  Driver.DriverFactory - Closing Browser
2026-07-02 18:01:32.004 [main] INFO  testCases.TC002_LoginTest - ********* Starting TC_002_LoginTest With Test Data *********
2026-07-02 18:01:32.234 [main] INFO  testCases.TC002_LoginTest - Click my account
2026-07-02 18:01:32.843 [main] INFO  testCases.TC002_LoginTest - Click login
2026-07-02 18:01:33.400 [main] INFO  testCases.TC002_LoginTest - Entered Username: tusharpotdar99@gmail.com
2026-07-02 18:01:33.400 [main] INFO  testCases.TC002_LoginTest - Clicked Login button
2026-07-02 18:01:33.449 [main] INFO  Driver.DriverFactory - Closing Browser
2026-07-02 18:01:35.706 [main] INFO  testCases.TC002_LoginTest - ********* Starting TC_002_LoginTest With Test Data *********
2026-07-02 18:01:36.016 [main] INFO  testCases.TC002_LoginTest - Click my account
2026-07-02 18:01:36.601 [main] INFO  testCases.TC002_LoginTest - Click login
2026-07-02 18:01:37.157 [main] INFO  testCases.TC002_LoginTest - Entered Username: tusharpotdar@gmail.com
2026-07-02 18:01:37.157 [main] INFO  testCases.TC002_LoginTest - Clicked Login button
2026-07-02 18:01:37.180 [main] INFO  Driver.DriverFactory - Closing Browser
2026-07-02 18:01:39.465 [main] INFO  testCases.TC002_LoginTest - ********* Starting TC_002_LoginTest With Test Data *********
2026-07-02 18:01:39.693 [main] INFO  testCases.TC002_LoginTest - Click my account
2026-07-02 18:01:40.630 [main] INFO  testCases.TC002_LoginTest - Click login
2026-07-02 18:01:41.157 [main] INFO  testCases.TC002_LoginTest - Entered Username: tusharpotdar@gmail.com
2026-07-02 18:01:41.158 [main] INFO  testCases.TC002_LoginTest - Clicked Login button
2026-07-02 18:01:41.177 [main] INFO  Driver.DriverFactory - Closing Browser
2026-07-02 18:06:51.100 [main] INFO  testCases.TC001_RegistrationTest - ********* Starting TC_001_RegistrationTest With Valid Credential *********
2026-07-02 18:06:52.884 [main] INFO  testCases.TC001_RegistrationTest - Clicked My Account
2026-07-02 18:06:53.646 [main] INFO  testCases.TC001_RegistrationTest - Clicked Register
2026-07-02 18:06:56.051 [main] INFO  testCases.TC001_RegistrationTest - Registration form submitted
2026-07-02 18:06:57.519 [main] INFO  testCases.TC001_RegistrationTest - Registration completed successfully.
2026-07-02 18:06:57.519 [main] INFO  testCases.TC001_RegistrationTest - ********** Registration Test Finished **********
2026-07-02 18:06:57.527 [main] INFO  Driver.DriverFactory - Closing Browser
2026-07-02 18:06:59.933 [main] INFO  testCases.TC002_LoginTest - ********* Starting TC_002_LoginTest With Valid Credential *********
2026-07-02 18:07:00.374 [main] INFO  testCases.TC002_LoginTest - Click my account
2026-07-02 18:07:01.041 [main] INFO  testCases.TC002_LoginTest - Click login
2026-07-02 18:07:01.596 [main] INFO  testCases.TC002_LoginTest - Passed Username and Password and Clicked Login
2026-07-02 18:07:02.341 [main] INFO  testCases.TC002_LoginTest - TEST PASSED
2026-07-02 18:07:02.342 [main] INFO  testCases.TC002_LoginTest - ********* Finished TC_002_LoginTest With Valid Credential  *********
2026-07-02 18:07:02.344 [main] INFO  Driver.DriverFactory - Closing Browser
2026-07-02 18:07:04.488 [main] INFO  testCases.TC002_LoginTest - ********* Starting TC_002_LoginTest with Invalid credentials *********
2026-07-02 18:07:04.716 [main] INFO  testCases.TC002_LoginTest - Click my account
2026-07-02 18:07:05.343 [main] INFO  testCases.TC002_LoginTest - Click login
2026-07-02 18:07:05.984 [main] INFO  testCases.TC002_LoginTest - Passed Invalid Username and Password and Clicked Login
2026-07-02 18:07:06.561 [main] INFO  testCases.TC002_LoginTest - TEST PASSED
2026-07-02 18:07:06.562 [main] INFO  testCases.TC002_LoginTest - ********* Finished TC_002_LoginTest with invalid credentials*********
2026-07-02 18:07:06.566 [main] INFO  Driver.DriverFactory - Closing Browser
2026-07-02 18:07:08.702 [main] INFO  testCases.TC002_LoginTest - ********* Starting TC_002_LoginTest With Test Data *********
2026-07-02 18:07:08.927 [main] INFO  testCases.TC002_LoginTest - Click my account
2026-07-02 18:07:09.591 [main] INFO  testCases.TC002_LoginTest - Click login
2026-07-02 18:07:10.106 [main] INFO  testCases.TC002_LoginTest - Entered Username: tusharpotdar99@gmail.com
2026-07-02 18:07:10.107 [main] INFO  testCases.TC002_LoginTest - Clicked Login button
2026-07-02 18:07:10.880 [main] INFO  testCases.TC002_LoginTest - Login successful as expected.
2026-07-02 18:07:10.881 [main] INFO  testCases.TC002_LoginTest - ********* Finished TC_003_LoginTest_DDT *********
2026-07-02 18:07:10.883 [main] INFO  Driver.DriverFactory - Closing Browser
2026-07-02 18:07:13.045 [main] INFO  testCases.TC002_LoginTest - ********* Starting TC_002_LoginTest With Test Data *********
2026-07-02 18:07:13.448 [main] INFO  testCases.TC002_LoginTest - Click my account
2026-07-02 18:07:14.199 [main] INFO  testCases.TC002_LoginTest - Click login
2026-07-02 18:07:14.717 [main] INFO  testCases.TC002_LoginTest - Entered Username: tusharpotdar99@gmail.com
2026-07-02 18:07:14.718 [main] INFO  testCases.TC002_LoginTest - Clicked Login button
2026-07-02 18:07:15.302 [main] INFO  testCases.TC002_LoginTest - Invalid login verified successfully.
2026-07-02 18:07:15.302 [main] INFO  testCases.TC002_LoginTest - ********* Finished TC_003_LoginTest_DDT *********
2026-07-02 18:07:15.306 [main] INFO  Driver.DriverFactory - Closing Browser
2026-07-02 18:07:17.240 [main] INFO  testCases.TC002_LoginTest - ********* Starting TC_002_LoginTest With Test Data *********
2026-07-02 18:07:17.633 [main] INFO  testCases.TC002_LoginTest - Click my account
2026-07-02 18:07:18.256 [main] INFO  testCases.TC002_LoginTest - Click login
2026-07-02 18:07:18.724 [main] INFO  testCases.TC002_LoginTest - Entered Username: tusharpotdar@gmail.com
2026-07-02 18:07:18.725 [main] INFO  testCases.TC002_LoginTest - Clicked Login button
2026-07-02 18:07:19.296 [main] INFO  testCases.TC002_LoginTest - Invalid login verified successfully.
2026-07-02 18:07:19.297 [main] INFO  testCases.TC002_LoginTest - ********* Finished TC_003_LoginTest_DDT *********
2026-07-02 18:07:19.298 [main] INFO  Driver.DriverFactory - Closing Browser
2026-07-02 18:07:21.099 [main] INFO  testCases.TC002_LoginTest - ********* Starting TC_002_LoginTest With Test Data *********
2026-07-02 18:07:21.501 [main] INFO  testCases.TC002_LoginTest - Click my account
2026-07-02 18:07:22.327 [main] INFO  testCases.TC002_LoginTest - Click login
2026-07-02 18:07:22.762 [main] INFO  testCases.TC002_LoginTest - Entered Username: tusharpotdar@gmail.com
2026-07-02 18:07:22.763 [main] INFO  testCases.TC002_LoginTest - Clicked Login button
2026-07-02 18:07:23.355 [main] INFO  testCases.TC002_LoginTest - Invalid login verified successfully.
2026-07-02 18:07:23.356 [main] INFO  testCases.TC002_LoginTest - ********* Finished TC_003_LoginTest_DDT *********
2026-07-02 18:07:23.358 [main] INFO  Driver.DriverFactory - Closing Browser
2026-07-02 18:28:47.453 [main] INFO  testCases.TC001_RegistrationTest - ********* Starting TC_001_RegistrationTest With Valid Credential *********
2026-07-02 18:28:49.552 [main] INFO  testCases.TC001_RegistrationTest - Clicked My Account
2026-07-02 18:28:50.265 [main] INFO  testCases.TC001_RegistrationTest - Clicked Register
2026-07-02 18:28:52.577 [main] INFO  testCases.TC001_RegistrationTest - Registration form submitted
2026-07-02 18:28:54.104 [main] INFO  testCases.TC001_RegistrationTest - Registration completed successfully.
2026-07-02 18:28:54.105 [main] INFO  testCases.TC001_RegistrationTest - ********** Registration Test Finished **********
2026-07-02 18:28:54.111 [main] INFO  Driver.DriverFactory - Closing Browser
2026-07-02 18:28:56.565 [main] INFO  testCases.TC002_LoginTest - ********* Starting TC_002_LoginTest With Valid Credential *********
2026-07-02 18:28:56.778 [main] INFO  testCases.TC002_LoginTest - Click my account
2026-07-02 18:28:57.515 [main] INFO  testCases.TC002_LoginTest - Click login
2026-07-02 18:28:58.057 [main] INFO  testCases.TC002_LoginTest - Passed Username and Password and Clicked Login
2026-07-02 18:28:58.804 [main] INFO  testCases.TC002_LoginTest - TEST PASSED
2026-07-02 18:28:58.806 [main] INFO  testCases.TC002_LoginTest - ********* Finished TC_002_LoginTest With Valid Credential  *********
2026-07-02 18:28:58.809 [main] INFO  Driver.DriverFactory - Closing Browser
2026-07-02 18:29:00.989 [main] INFO  testCases.TC002_LoginTest - ********* Starting TC_002_LoginTest with Invalid credentials *********
2026-07-02 18:29:01.533 [main] INFO  testCases.TC002_LoginTest - Click my account
2026-07-02 18:29:02.148 [main] INFO  testCases.TC002_LoginTest - Click login
2026-07-02 18:29:02.624 [main] INFO  testCases.TC002_LoginTest - Passed Invalid Username and Password and Clicked Login
2026-07-02 18:29:03.211 [main] INFO  testCases.TC002_LoginTest - TEST PASSED
2026-07-02 18:29:03.212 [main] INFO  testCases.TC002_LoginTest - ********* Finished TC_002_LoginTest with invalid credentials*********
2026-07-02 18:29:03.215 [main] INFO  Driver.DriverFactory - Closing Browser
2026-07-02 18:29:09.851 [TestNG-PoolService-1] INFO  testCases.TC002_LoginTest - ********* Starting TC_002_LoginTest With Test Data *********
2026-07-02 18:29:11.086 [TestNG-PoolService-2] INFO  testCases.TC002_LoginTest - ********* Starting TC_002_LoginTest With Test Data *********
2026-07-02 18:29:11.789 [TestNG-PoolService-3] INFO  testCases.TC002_LoginTest - ********* Starting TC_002_LoginTest With Test Data *********
2026-07-02 18:29:12.464 [TestNG-PoolService-4] INFO  testCases.TC002_LoginTest - ********* Starting TC_002_LoginTest With Test Data *********
2026-07-02 18:29:12.828 [TestNG-PoolService-1] INFO  testCases.TC002_LoginTest - Click my account
2026-07-02 18:29:13.045 [TestNG-PoolService-2] INFO  testCases.TC002_LoginTest - Click my account
2026-07-02 18:29:13.247 [TestNG-PoolService-3] INFO  testCases.TC002_LoginTest - Click my account
2026-07-02 18:29:13.464 [TestNG-PoolService-4] INFO  testCases.TC002_LoginTest - Click my account
2026-07-02 18:29:33.262 [TestNG-PoolService-1] ERROR testCases.TC002_LoginTest - Exception occurred during DDT execution
org.openqa.selenium.TimeoutException: Expected condition failed: waiting for element found by By.xpath: //a[normalize-space()='Login'] to be clickable, but the element was not visible.
(tried for 20 seconds with 500 milliseconds interval)
Build info: version: '4.41.0', revision: '9fc754f'
System info: os.name: 'Windows 11', os.arch: 'amd64', os.version: '10.0', java.version: '24'
Driver info: org.openqa.selenium.chrome.ChromeDriver
Capabilities {acceptInsecureCerts: false, browserName: chrome, browserVersion: 150.0.7871.47, chrome: {chromedriverVersion: 150.0.7871.46 (5b586c06e0d2..., userDataDir: C:\Users\Tushar\AppData\Loc...}, fedcm:accounts: true, goog:chromeOptions: {debuggerAddress: localhost:64057}, goog:processID: 18092, networkConnectionEnabled: false, pageLoadStrategy: normal, platformName: windows, proxy: Proxy(), se:cdp: ws://localhost:64057/devtoo..., se:cdpVersion: 150.0.7871.47, setWindowRect: true, strictFileInteractability: false, timeouts: {implicit: 0, pageLoad: 300000, script: 30000}, unhandledPromptBehavior: dismiss and notify, webauthn:extension:credBlob: true, webauthn:extension:largeBlob: true, webauthn:extension:minPinLength: true, webauthn:extension:prf: true, webauthn:virtualAuthenticators: true}
Session ID: 4b1d3c338e8b618481edb6ae07134231
	at org.openqa.selenium.support.ui.WebDriverWait.timeoutException(WebDriverWait.java:85) ~[selenium-support-4.41.0.jar:?]
	at org.openqa.selenium.support.ui.FluentWait.until(FluentWait.java:233) ~[selenium-support-4.41.0.jar:?]
	at Actions.ElementActions.click(ElementActions.java:35) ~[classes/:?]
	at Components.HeaderComponent.clickLogin(HeaderComponent.java:50) ~[classes/:?]
	at testCases.TC002_LoginTest.verifyLoginDDT(TC002_LoginTest.java:87) [test-classes/:?]
	at java.base/jdk.internal.reflect.DirectMethodHandleAccessor.invoke(DirectMethodHandleAccessor.java:104) ~[?:?]
	at java.base/java.lang.reflect.Method.invoke(Method.java:565) ~[?:?]
	at org.testng.internal.invokers.MethodInvocationHelper.invokeMethod(MethodInvocationHelper.java:141) [testng-7.12.0.jar:7.12.0]
	at org.testng.internal.invokers.TestInvoker.invokeMethod(TestInvoker.java:697) [testng-7.12.0.jar:7.12.0]
	at org.testng.internal.invokers.TestInvoker.invokeTestMethod(TestInvoker.java:230) [testng-7.12.0.jar:7.12.0]
	at org.testng.internal.invokers.TestMethodWithDataProviderMethodWorker.call(TestMethodWithDataProviderMethodWorker.java:81) [testng-7.12.0.jar:7.12.0]
	at org.testng.internal.thread.Async$AsyncTask.run(Async.java:34) [testng-7.12.0.jar:7.12.0]
	at java.base/java.util.concurrent.ThreadPoolExecutor.runWorker(ThreadPoolExecutor.java:1095) [?:?]
	at java.base/java.util.concurrent.ThreadPoolExecutor$Worker.run(ThreadPoolExecutor.java:619) [?:?]
	at java.base/java.lang.Thread.run(Thread.java:1447) [?:?]
2026-07-02 18:29:33.296 [TestNG-PoolService-1] INFO  Driver.DriverFactory - Closing Browser
2026-07-02 18:29:33.400 [TestNG-PoolService-2] ERROR testCases.TC002_LoginTest - Exception occurred during DDT execution
org.openqa.selenium.TimeoutException: Expected condition failed: waiting for element found by By.xpath: //a[normalize-space()='Login'] to be clickable, but the element was not visible.
(tried for 20 seconds with 500 milliseconds interval)
Build info: version: '4.41.0', revision: '9fc754f'
System info: os.name: 'Windows 11', os.arch: 'amd64', os.version: '10.0', java.version: '24'
Driver info: org.openqa.selenium.chrome.ChromeDriver
Capabilities {acceptInsecureCerts: false, browserName: chrome, browserVersion: 150.0.7871.47, chrome: {chromedriverVersion: 150.0.7871.46 (5b586c06e0d2..., userDataDir: C:\Users\Tushar\AppData\Loc...}, fedcm:accounts: true, goog:chromeOptions: {debuggerAddress: localhost:64057}, goog:processID: 18092, networkConnectionEnabled: false, pageLoadStrategy: normal, platformName: windows, proxy: Proxy(), se:cdp: ws://localhost:64057/devtoo..., se:cdpVersion: 150.0.7871.47, setWindowRect: true, strictFileInteractability: false, timeouts: {implicit: 0, pageLoad: 300000, script: 30000}, unhandledPromptBehavior: dismiss and notify, webauthn:extension:credBlob: true, webauthn:extension:largeBlob: true, webauthn:extension:minPinLength: true, webauthn:extension:prf: true, webauthn:virtualAuthenticators: true}
Session ID: 4b1d3c338e8b618481edb6ae07134231
	at org.openqa.selenium.support.ui.WebDriverWait.timeoutException(WebDriverWait.java:85) ~[selenium-support-4.41.0.jar:?]
	at org.openqa.selenium.support.ui.FluentWait.until(FluentWait.java:233) ~[selenium-support-4.41.0.jar:?]
	at Actions.ElementActions.click(ElementActions.java:35) ~[classes/:?]
	at Components.HeaderComponent.clickLogin(HeaderComponent.java:50) ~[classes/:?]
	at testCases.TC002_LoginTest.verifyLoginDDT(TC002_LoginTest.java:87) [test-classes/:?]
	at java.base/jdk.internal.reflect.DirectMethodHandleAccessor.invoke(DirectMethodHandleAccessor.java:104) ~[?:?]
	at java.base/java.lang.reflect.Method.invoke(Method.java:565) ~[?:?]
	at org.testng.internal.invokers.MethodInvocationHelper.invokeMethod(MethodInvocationHelper.java:141) [testng-7.12.0.jar:7.12.0]
	at org.testng.internal.invokers.TestInvoker.invokeMethod(TestInvoker.java:697) [testng-7.12.0.jar:7.12.0]
	at org.testng.internal.invokers.TestInvoker.invokeTestMethod(TestInvoker.java:230) [testng-7.12.0.jar:7.12.0]
	at org.testng.internal.invokers.TestMethodWithDataProviderMethodWorker.call(TestMethodWithDataProviderMethodWorker.java:81) [testng-7.12.0.jar:7.12.0]
	at org.testng.internal.thread.Async$AsyncTask.run(Async.java:34) [testng-7.12.0.jar:7.12.0]
	at java.base/java.util.concurrent.ThreadPoolExecutor.runWorker(ThreadPoolExecutor.java:1095) [?:?]
	at java.base/java.util.concurrent.ThreadPoolExecutor$Worker.run(ThreadPoolExecutor.java:619) [?:?]
	at java.base/java.lang.Thread.run(Thread.java:1447) [?:?]
2026-07-02 18:29:33.403 [TestNG-PoolService-2] INFO  Driver.DriverFactory - Closing Browser
2026-07-02 18:29:33.602 [TestNG-PoolService-3] ERROR testCases.TC002_LoginTest - Exception occurred during DDT execution
org.openqa.selenium.TimeoutException: Expected condition failed: waiting for element found by By.xpath: //a[normalize-space()='Login'] to be clickable, but the element was not visible.
(tried for 20 seconds with 500 milliseconds interval)
Build info: version: '4.41.0', revision: '9fc754f'
System info: os.name: 'Windows 11', os.arch: 'amd64', os.version: '10.0', java.version: '24'
Driver info: org.openqa.selenium.chrome.ChromeDriver
Capabilities {acceptInsecureCerts: false, browserName: chrome, browserVersion: 150.0.7871.47, chrome: {chromedriverVersion: 150.0.7871.46 (5b586c06e0d2..., userDataDir: C:\Users\Tushar\AppData\Loc...}, fedcm:accounts: true, goog:chromeOptions: {debuggerAddress: localhost:64057}, goog:processID: 18092, networkConnectionEnabled: false, pageLoadStrategy: normal, platformName: windows, proxy: Proxy(), se:cdp: ws://localhost:64057/devtoo..., se:cdpVersion: 150.0.7871.47, setWindowRect: true, strictFileInteractability: false, timeouts: {implicit: 0, pageLoad: 300000, script: 30000}, unhandledPromptBehavior: dismiss and notify, webauthn:extension:credBlob: true, webauthn:extension:largeBlob: true, webauthn:extension:minPinLength: true, webauthn:extension:prf: true, webauthn:virtualAuthenticators: true}
Session ID: 4b1d3c338e8b618481edb6ae07134231
	at org.openqa.selenium.support.ui.WebDriverWait.timeoutException(WebDriverWait.java:85) ~[selenium-support-4.41.0.jar:?]
	at org.openqa.selenium.support.ui.FluentWait.until(FluentWait.java:233) ~[selenium-support-4.41.0.jar:?]
	at Actions.ElementActions.click(ElementActions.java:35) ~[classes/:?]
	at Components.HeaderComponent.clickLogin(HeaderComponent.java:50) ~[classes/:?]
	at testCases.TC002_LoginTest.verifyLoginDDT(TC002_LoginTest.java:87) [test-classes/:?]
	at java.base/jdk.internal.reflect.DirectMethodHandleAccessor.invoke(DirectMethodHandleAccessor.java:104) ~[?:?]
	at java.base/java.lang.reflect.Method.invoke(Method.java:565) ~[?:?]
	at org.testng.internal.invokers.MethodInvocationHelper.invokeMethod(MethodInvocationHelper.java:141) [testng-7.12.0.jar:7.12.0]
	at org.testng.internal.invokers.TestInvoker.invokeMethod(TestInvoker.java:697) [testng-7.12.0.jar:7.12.0]
	at org.testng.internal.invokers.TestInvoker.invokeTestMethod(TestInvoker.java:230) [testng-7.12.0.jar:7.12.0]
	at org.testng.internal.invokers.TestMethodWithDataProviderMethodWorker.call(TestMethodWithDataProviderMethodWorker.java:81) [testng-7.12.0.jar:7.12.0]
	at org.testng.internal.thread.Async$AsyncTask.run(Async.java:34) [testng-7.12.0.jar:7.12.0]
	at java.base/java.util.concurrent.ThreadPoolExecutor.runWorker(ThreadPoolExecutor.java:1095) [?:?]
	at java.base/java.util.concurrent.ThreadPoolExecutor$Worker.run(ThreadPoolExecutor.java:619) [?:?]
	at java.base/java.lang.Thread.run(Thread.java:1447) [?:?]
2026-07-02 18:29:33.606 [TestNG-PoolService-3] INFO  Driver.DriverFactory - Closing Browser
2026-07-02 18:29:33.796 [TestNG-PoolService-4] ERROR testCases.TC002_LoginTest - Exception occurred during DDT execution
org.openqa.selenium.TimeoutException: Expected condition failed: waiting for element found by By.xpath: //a[normalize-space()='Login'] to be clickable, but the element was not visible.
(tried for 20 seconds with 500 milliseconds interval)
Build info: version: '4.41.0', revision: '9fc754f'
System info: os.name: 'Windows 11', os.arch: 'amd64', os.version: '10.0', java.version: '24'
Driver info: org.openqa.selenium.chrome.ChromeDriver
Capabilities {acceptInsecureCerts: false, browserName: chrome, browserVersion: 150.0.7871.47, chrome: {chromedriverVersion: 150.0.7871.46 (5b586c06e0d2..., userDataDir: C:\Users\Tushar\AppData\Loc...}, fedcm:accounts: true, goog:chromeOptions: {debuggerAddress: localhost:64057}, goog:processID: 18092, networkConnectionEnabled: false, pageLoadStrategy: normal, platformName: windows, proxy: Proxy(), se:cdp: ws://localhost:64057/devtoo..., se:cdpVersion: 150.0.7871.47, setWindowRect: true, strictFileInteractability: false, timeouts: {implicit: 0, pageLoad: 300000, script: 30000}, unhandledPromptBehavior: dismiss and notify, webauthn:extension:credBlob: true, webauthn:extension:largeBlob: true, webauthn:extension:minPinLength: true, webauthn:extension:prf: true, webauthn:virtualAuthenticators: true}
Session ID: 4b1d3c338e8b618481edb6ae07134231
	at org.openqa.selenium.support.ui.WebDriverWait.timeoutException(WebDriverWait.java:85) ~[selenium-support-4.41.0.jar:?]
	at org.openqa.selenium.support.ui.FluentWait.until(FluentWait.java:233) ~[selenium-support-4.41.0.jar:?]
	at Actions.ElementActions.click(ElementActions.java:35) ~[classes/:?]
	at Components.HeaderComponent.clickLogin(HeaderComponent.java:50) ~[classes/:?]
	at testCases.TC002_LoginTest.verifyLoginDDT(TC002_LoginTest.java:87) [test-classes/:?]
	at java.base/jdk.internal.reflect.DirectMethodHandleAccessor.invoke(DirectMethodHandleAccessor.java:104) ~[?:?]
	at java.base/java.lang.reflect.Method.invoke(Method.java:565) ~[?:?]
	at org.testng.internal.invokers.MethodInvocationHelper.invokeMethod(MethodInvocationHelper.java:141) [testng-7.12.0.jar:7.12.0]
	at org.testng.internal.invokers.TestInvoker.invokeMethod(TestInvoker.java:697) [testng-7.12.0.jar:7.12.0]
	at org.testng.internal.invokers.TestInvoker.invokeTestMethod(TestInvoker.java:230) [testng-7.12.0.jar:7.12.0]
	at org.testng.internal.invokers.TestMethodWithDataProviderMethodWorker.call(TestMethodWithDataProviderMethodWorker.java:81) [testng-7.12.0.jar:7.12.0]
	at org.testng.internal.thread.Async$AsyncTask.run(Async.java:34) [testng-7.12.0.jar:7.12.0]
	at java.base/java.util.concurrent.ThreadPoolExecutor.runWorker(ThreadPoolExecutor.java:1095) [?:?]
	at java.base/java.util.concurrent.ThreadPoolExecutor$Worker.run(ThreadPoolExecutor.java:619) [?:?]
	at java.base/java.lang.Thread.run(Thread.java:1447) [?:?]
2026-07-02 18:29:33.807 [TestNG-PoolService-4] INFO  Driver.DriverFactory - Closing Browser
2026-07-02 18:41:37.634 [main] INFO  testCases.TC001_RegistrationTest - ********* Starting TC_001_RegistrationTest With Valid Credential *********
2026-07-02 18:41:38.171 [main] INFO  testCases.TC001_RegistrationTest - Clicked My Account
2026-07-02 18:41:39.030 [main] INFO  testCases.TC001_RegistrationTest - Clicked Register
2026-07-02 18:41:41.522 [main] INFO  testCases.TC001_RegistrationTest - Registration form submitted
2026-07-02 18:41:43.090 [main] INFO  testCases.TC001_RegistrationTest - Registration completed successfully.
2026-07-02 18:41:43.093 [main] INFO  testCases.TC001_RegistrationTest - ********** Registration Test Finished **********
2026-07-02 18:41:43.114 [main] INFO  Driver.DriverFactory - Closing Browser
2026-07-02 18:41:46.147 [main] INFO  testCases.TC002_LoginTest - ********* Starting TC_002_LoginTest With Valid Credential *********
2026-07-02 18:41:46.430 [main] INFO  testCases.TC002_LoginTest - Click my account
2026-07-02 18:41:47.235 [main] INFO  testCases.TC002_LoginTest - Click login
2026-07-02 18:41:47.834 [main] INFO  testCases.TC002_LoginTest - Passed Username and Password and Clicked Login
2026-07-02 18:41:48.667 [main] INFO  testCases.TC002_LoginTest - TEST PASSED
2026-07-02 18:41:48.668 [main] INFO  testCases.TC002_LoginTest - ********* Finished TC_002_LoginTest With Valid Credential  *********
2026-07-02 18:41:48.673 [main] INFO  Driver.DriverFactory - Closing Browser
2026-07-02 18:41:51.424 [main] INFO  testCases.TC002_LoginTest - ********* Starting TC_002_LoginTest with Invalid credentials *********
2026-07-02 18:41:51.721 [main] INFO  testCases.TC002_LoginTest - Click my account
2026-07-02 18:41:52.371 [main] INFO  testCases.TC002_LoginTest - Click login
2026-07-02 18:41:53.032 [main] INFO  testCases.TC002_LoginTest - Passed Invalid Username and Password and Clicked Login
2026-07-02 18:41:53.610 [main] INFO  testCases.TC002_LoginTest - TEST PASSED
2026-07-02 18:41:53.611 [main] INFO  testCases.TC002_LoginTest - ********* Finished TC_002_LoginTest with invalid credentials*********
2026-07-02 18:41:53.616 [main] INFO  Driver.DriverFactory - Closing Browser
2026-07-02 18:42:01.311 [TestNG-PoolService-4] INFO  testCases.TC002_LoginTest - ********* Starting TC_002_LoginTest With Test Data *********
2026-07-02 18:42:01.787 [TestNG-PoolService-1] INFO  testCases.TC002_LoginTest - ********* Starting TC_002_LoginTest With Test Data *********
2026-07-02 18:42:02.058 [TestNG-PoolService-2] INFO  testCases.TC002_LoginTest - ********* Starting TC_002_LoginTest With Test Data *********
2026-07-02 18:42:03.055 [TestNG-PoolService-3] INFO  testCases.TC002_LoginTest - ********* Starting TC_002_LoginTest With Test Data *********
2026-07-02 18:42:03.715 [TestNG-PoolService-4] INFO  testCases.TC002_LoginTest - Click my account
2026-07-02 18:42:03.999 [TestNG-PoolService-1] INFO  testCases.TC002_LoginTest - Click my account
2026-07-02 18:42:04.098 [TestNG-PoolService-2] INFO  testCases.TC002_LoginTest - Click my account
2026-07-02 18:42:04.326 [TestNG-PoolService-3] INFO  testCases.TC002_LoginTest - Click my account
2026-07-02 18:42:23.758 [TestNG-PoolService-4] ERROR testCases.TC002_LoginTest - Exception occurred during DDT execution
org.openqa.selenium.TimeoutException: Expected condition failed: waiting for element found by By.xpath: //a[normalize-space()='Login'] to be clickable, but the element was not visible.
(tried for 20 seconds with 500 milliseconds interval)
Build info: version: '4.41.0', revision: '9fc754f'
System info: os.name: 'Windows 11', os.arch: 'amd64', os.version: '10.0', java.version: '24'
Driver info: org.openqa.selenium.chrome.ChromeDriver
Capabilities {acceptInsecureCerts: false, browserName: chrome, browserVersion: 150.0.7871.47, chrome: {chromedriverVersion: 150.0.7871.46 (5b586c06e0d2..., userDataDir: C:\Users\Tushar\AppData\Loc...}, fedcm:accounts: true, goog:chromeOptions: {debuggerAddress: localhost:59512}, goog:processID: 20980, networkConnectionEnabled: false, pageLoadStrategy: normal, platformName: windows, proxy: Proxy(), se:cdp: ws://localhost:59512/devtoo..., se:cdpVersion: 150.0.7871.47, setWindowRect: true, strictFileInteractability: false, timeouts: {implicit: 0, pageLoad: 300000, script: 30000}, unhandledPromptBehavior: dismiss and notify, webauthn:extension:credBlob: true, webauthn:extension:largeBlob: true, webauthn:extension:minPinLength: true, webauthn:extension:prf: true, webauthn:virtualAuthenticators: true}
Session ID: 18ce1c3c1f076a1f0eeb5f293a7d7979
	at org.openqa.selenium.support.ui.WebDriverWait.timeoutException(WebDriverWait.java:85) ~[selenium-support-4.41.0.jar:?]
	at org.openqa.selenium.support.ui.FluentWait.until(FluentWait.java:233) ~[selenium-support-4.41.0.jar:?]
	at Actions.ElementActions.click(ElementActions.java:35) ~[classes/:?]
	at Components.HeaderComponent.clickLogin(HeaderComponent.java:50) ~[classes/:?]
	at testCases.TC002_LoginTest.verifyLoginDDT(TC002_LoginTest.java:87) [test-classes/:?]
	at java.base/jdk.internal.reflect.DirectMethodHandleAccessor.invoke(DirectMethodHandleAccessor.java:104) ~[?:?]
	at java.base/java.lang.reflect.Method.invoke(Method.java:565) ~[?:?]
	at org.testng.internal.invokers.MethodInvocationHelper.invokeMethod(MethodInvocationHelper.java:141) [testng-7.12.0.jar:7.12.0]
	at org.testng.internal.invokers.TestInvoker.invokeMethod(TestInvoker.java:697) [testng-7.12.0.jar:7.12.0]
	at org.testng.internal.invokers.TestInvoker.invokeTestMethod(TestInvoker.java:230) [testng-7.12.0.jar:7.12.0]
	at org.testng.internal.invokers.TestMethodWithDataProviderMethodWorker.call(TestMethodWithDataProviderMethodWorker.java:81) [testng-7.12.0.jar:7.12.0]
	at org.testng.internal.thread.Async$AsyncTask.run(Async.java:34) [testng-7.12.0.jar:7.12.0]
	at java.base/java.util.concurrent.ThreadPoolExecutor.runWorker(ThreadPoolExecutor.java:1095) [?:?]
	at java.base/java.util.concurrent.ThreadPoolExecutor$Worker.run(ThreadPoolExecutor.java:619) [?:?]
	at java.base/java.lang.Thread.run(Thread.java:1447) [?:?]
2026-07-02 18:42:23.802 [TestNG-PoolService-4] INFO  Driver.DriverFactory - Closing Browser
2026-07-02 18:42:24.031 [TestNG-PoolService-1] ERROR testCases.TC002_LoginTest - Exception occurred during DDT execution
org.openqa.selenium.TimeoutException: Expected condition failed: waiting for element found by By.xpath: //a[normalize-space()='Login'] to be clickable, but the element was not visible.
(tried for 20 seconds with 500 milliseconds interval)
Build info: version: '4.41.0', revision: '9fc754f'
System info: os.name: 'Windows 11', os.arch: 'amd64', os.version: '10.0', java.version: '24'
Driver info: org.openqa.selenium.chrome.ChromeDriver
Capabilities {acceptInsecureCerts: false, browserName: chrome, browserVersion: 150.0.7871.47, chrome: {chromedriverVersion: 150.0.7871.46 (5b586c06e0d2..., userDataDir: C:\Users\Tushar\AppData\Loc...}, fedcm:accounts: true, goog:chromeOptions: {debuggerAddress: localhost:59512}, goog:processID: 20980, networkConnectionEnabled: false, pageLoadStrategy: normal, platformName: windows, proxy: Proxy(), se:cdp: ws://localhost:59512/devtoo..., se:cdpVersion: 150.0.7871.47, setWindowRect: true, strictFileInteractability: false, timeouts: {implicit: 0, pageLoad: 300000, script: 30000}, unhandledPromptBehavior: dismiss and notify, webauthn:extension:credBlob: true, webauthn:extension:largeBlob: true, webauthn:extension:minPinLength: true, webauthn:extension:prf: true, webauthn:virtualAuthenticators: true}
Session ID: 18ce1c3c1f076a1f0eeb5f293a7d7979
	at org.openqa.selenium.support.ui.WebDriverWait.timeoutException(WebDriverWait.java:85) ~[selenium-support-4.41.0.jar:?]
	at org.openqa.selenium.support.ui.FluentWait.until(FluentWait.java:233) ~[selenium-support-4.41.0.jar:?]
	at Actions.ElementActions.click(ElementActions.java:35) ~[classes/:?]
	at Components.HeaderComponent.clickLogin(HeaderComponent.java:50) ~[classes/:?]
	at testCases.TC002_LoginTest.verifyLoginDDT(TC002_LoginTest.java:87) [test-classes/:?]
	at java.base/jdk.internal.reflect.DirectMethodHandleAccessor.invoke(DirectMethodHandleAccessor.java:104) ~[?:?]
	at java.base/java.lang.reflect.Method.invoke(Method.java:565) ~[?:?]
	at org.testng.internal.invokers.MethodInvocationHelper.invokeMethod(MethodInvocationHelper.java:141) [testng-7.12.0.jar:7.12.0]
	at org.testng.internal.invokers.TestInvoker.invokeMethod(TestInvoker.java:697) [testng-7.12.0.jar:7.12.0]
	at org.testng.internal.invokers.TestInvoker.invokeTestMethod(TestInvoker.java:230) [testng-7.12.0.jar:7.12.0]
	at org.testng.internal.invokers.TestMethodWithDataProviderMethodWorker.call(TestMethodWithDataProviderMethodWorker.java:81) [testng-7.12.0.jar:7.12.0]
	at org.testng.internal.thread.Async$AsyncTask.run(Async.java:34) [testng-7.12.0.jar:7.12.0]
	at java.base/java.util.concurrent.ThreadPoolExecutor.runWorker(ThreadPoolExecutor.java:1095) [?:?]
	at java.base/java.util.concurrent.ThreadPoolExecutor$Worker.run(ThreadPoolExecutor.java:619) [?:?]
	at java.base/java.lang.Thread.run(Thread.java:1447) [?:?]
2026-07-02 18:42:24.053 [TestNG-PoolService-1] INFO  Driver.DriverFactory - Closing Browser
2026-07-02 18:42:24.609 [TestNG-PoolService-2] ERROR testCases.TC002_LoginTest - Exception occurred during DDT execution
org.openqa.selenium.TimeoutException: Expected condition failed: waiting for element found by By.xpath: //a[normalize-space()='Login'] to be clickable, but the element was not visible.
(tried for 20 seconds with 500 milliseconds interval)
Build info: version: '4.41.0', revision: '9fc754f'
System info: os.name: 'Windows 11', os.arch: 'amd64', os.version: '10.0', java.version: '24'
Driver info: org.openqa.selenium.chrome.ChromeDriver
Capabilities {acceptInsecureCerts: false, browserName: chrome, browserVersion: 150.0.7871.47, chrome: {chromedriverVersion: 150.0.7871.46 (5b586c06e0d2..., userDataDir: C:\Users\Tushar\AppData\Loc...}, fedcm:accounts: true, goog:chromeOptions: {debuggerAddress: localhost:59512}, goog:processID: 20980, networkConnectionEnabled: false, pageLoadStrategy: normal, platformName: windows, proxy: Proxy(), se:cdp: ws://localhost:59512/devtoo..., se:cdpVersion: 150.0.7871.47, setWindowRect: true, strictFileInteractability: false, timeouts: {implicit: 0, pageLoad: 300000, script: 30000}, unhandledPromptBehavior: dismiss and notify, webauthn:extension:credBlob: true, webauthn:extension:largeBlob: true, webauthn:extension:minPinLength: true, webauthn:extension:prf: true, webauthn:virtualAuthenticators: true}
Session ID: 18ce1c3c1f076a1f0eeb5f293a7d7979
	at org.openqa.selenium.support.ui.WebDriverWait.timeoutException(WebDriverWait.java:85) ~[selenium-support-4.41.0.jar:?]
	at org.openqa.selenium.support.ui.FluentWait.until(FluentWait.java:233) ~[selenium-support-4.41.0.jar:?]
	at Actions.ElementActions.click(ElementActions.java:35) ~[classes/:?]
	at Components.HeaderComponent.clickLogin(HeaderComponent.java:50) ~[classes/:?]
	at testCases.TC002_LoginTest.verifyLoginDDT(TC002_LoginTest.java:87) [test-classes/:?]
	at java.base/jdk.internal.reflect.DirectMethodHandleAccessor.invoke(DirectMethodHandleAccessor.java:104) ~[?:?]
	at java.base/java.lang.reflect.Method.invoke(Method.java:565) ~[?:?]
	at org.testng.internal.invokers.MethodInvocationHelper.invokeMethod(MethodInvocationHelper.java:141) [testng-7.12.0.jar:7.12.0]
	at org.testng.internal.invokers.TestInvoker.invokeMethod(TestInvoker.java:697) [testng-7.12.0.jar:7.12.0]
	at org.testng.internal.invokers.TestInvoker.invokeTestMethod(TestInvoker.java:230) [testng-7.12.0.jar:7.12.0]
	at org.testng.internal.invokers.TestMethodWithDataProviderMethodWorker.call(TestMethodWithDataProviderMethodWorker.java:81) [testng-7.12.0.jar:7.12.0]
	at org.testng.internal.thread.Async$AsyncTask.run(Async.java:34) [testng-7.12.0.jar:7.12.0]
	at java.base/java.util.concurrent.ThreadPoolExecutor.runWorker(ThreadPoolExecutor.java:1095) [?:?]
	at java.base/java.util.concurrent.ThreadPoolExecutor$Worker.run(ThreadPoolExecutor.java:619) [?:?]
	at java.base/java.lang.Thread.run(Thread.java:1447) [?:?]
2026-07-02 18:42:24.616 [TestNG-PoolService-2] INFO  Driver.DriverFactory - Closing Browser
2026-07-02 18:42:24.708 [TestNG-PoolService-3] ERROR testCases.TC002_LoginTest - Exception occurred during DDT execution
org.openqa.selenium.TimeoutException: Expected condition failed: waiting for element found by By.xpath: //a[normalize-space()='Login'] to be clickable, but the element was not visible.
(tried for 20 seconds with 500 milliseconds interval)
Build info: version: '4.41.0', revision: '9fc754f'
System info: os.name: 'Windows 11', os.arch: 'amd64', os.version: '10.0', java.version: '24'
Driver info: org.openqa.selenium.chrome.ChromeDriver
Capabilities {acceptInsecureCerts: false, browserName: chrome, browserVersion: 150.0.7871.47, chrome: {chromedriverVersion: 150.0.7871.46 (5b586c06e0d2..., userDataDir: C:\Users\Tushar\AppData\Loc...}, fedcm:accounts: true, goog:chromeOptions: {debuggerAddress: localhost:59512}, goog:processID: 20980, networkConnectionEnabled: false, pageLoadStrategy: normal, platformName: windows, proxy: Proxy(), se:cdp: ws://localhost:59512/devtoo..., se:cdpVersion: 150.0.7871.47, setWindowRect: true, strictFileInteractability: false, timeouts: {implicit: 0, pageLoad: 300000, script: 30000}, unhandledPromptBehavior: dismiss and notify, webauthn:extension:credBlob: true, webauthn:extension:largeBlob: true, webauthn:extension:minPinLength: true, webauthn:extension:prf: true, webauthn:virtualAuthenticators: true}
Session ID: 18ce1c3c1f076a1f0eeb5f293a7d7979
	at org.openqa.selenium.support.ui.WebDriverWait.timeoutException(WebDriverWait.java:85) ~[selenium-support-4.41.0.jar:?]
	at org.openqa.selenium.support.ui.FluentWait.until(FluentWait.java:233) ~[selenium-support-4.41.0.jar:?]
	at Actions.ElementActions.click(ElementActions.java:35) ~[classes/:?]
	at Components.HeaderComponent.clickLogin(HeaderComponent.java:50) ~[classes/:?]
	at testCases.TC002_LoginTest.verifyLoginDDT(TC002_LoginTest.java:87) [test-classes/:?]
	at java.base/jdk.internal.reflect.DirectMethodHandleAccessor.invoke(DirectMethodHandleAccessor.java:104) ~[?:?]
	at java.base/java.lang.reflect.Method.invoke(Method.java:565) ~[?:?]
	at org.testng.internal.invokers.MethodInvocationHelper.invokeMethod(MethodInvocationHelper.java:141) [testng-7.12.0.jar:7.12.0]
	at org.testng.internal.invokers.TestInvoker.invokeMethod(TestInvoker.java:697) [testng-7.12.0.jar:7.12.0]
	at org.testng.internal.invokers.TestInvoker.invokeTestMethod(TestInvoker.java:230) [testng-7.12.0.jar:7.12.0]
	at org.testng.internal.invokers.TestMethodWithDataProviderMethodWorker.call(TestMethodWithDataProviderMethodWorker.java:81) [testng-7.12.0.jar:7.12.0]
	at org.testng.internal.thread.Async$AsyncTask.run(Async.java:34) [testng-7.12.0.jar:7.12.0]
	at java.base/java.util.concurrent.ThreadPoolExecutor.runWorker(ThreadPoolExecutor.java:1095) [?:?]
	at java.base/java.util.concurrent.ThreadPoolExecutor$Worker.run(ThreadPoolExecutor.java:619) [?:?]
	at java.base/java.lang.Thread.run(Thread.java:1447) [?:?]
2026-07-02 18:42:24.713 [TestNG-PoolService-3] INFO  Driver.DriverFactory - Closing Browser
2026-07-02 18:53:21.351 [main] INFO  testCases.TC001_RegistrationTest - ********* Starting TC_001_RegistrationTest With Valid Credential *********
2026-07-02 18:53:22.103 [main] INFO  testCases.TC001_RegistrationTest - Clicked My Account
2026-07-02 18:53:23.272 [main] INFO  testCases.TC001_RegistrationTest - Clicked Register
2026-07-02 18:53:24.968 [main] INFO  testCases.TC001_RegistrationTest - Registration form submitted
2026-07-02 18:53:26.484 [main] INFO  testCases.TC001_RegistrationTest - Registration completed successfully.
2026-07-02 18:53:26.487 [main] INFO  testCases.TC001_RegistrationTest - ********** Registration Test Finished **********
2026-07-02 18:53:26.502 [main] INFO  Driver.DriverFactory - Closing Browser
2026-07-02 18:53:29.887 [main] INFO  testCases.TC002_LoginTest - ********* Starting TC_002_LoginTest With Valid Credential *********
2026-07-02 18:53:29.891 [main] INFO  testCases.TC002_LoginTest - navigate to login
2026-07-02 18:53:31.761 [main] INFO  testCases.TC002_LoginTest - Passed Username and Password and Clicked Login
2026-07-02 18:53:32.590 [main] INFO  testCases.TC002_LoginTest - TEST PASSED
2026-07-02 18:53:32.591 [main] INFO  testCases.TC002_LoginTest - ********* Finished TC_002_LoginTest With Valid Credential  *********
2026-07-02 18:53:32.598 [main] INFO  Driver.DriverFactory - Closing Browser
2026-07-02 18:53:36.507 [main] INFO  testCases.TC002_LoginTest - ********* Starting TC_002_LoginTest with Invalid credentials *********
2026-07-02 18:53:37.554 [main] INFO  testCases.TC002_LoginTest - navigate to login
2026-07-02 18:53:38.218 [main] INFO  testCases.TC002_LoginTest - Passed Invalid Username and Password and Clicked Login
2026-07-02 18:53:38.897 [main] INFO  testCases.TC002_LoginTest - TEST PASSED
2026-07-02 18:53:38.898 [main] INFO  testCases.TC002_LoginTest - ********* Finished TC_002_LoginTest with invalid credentials*********
2026-07-02 18:53:38.904 [main] INFO  Driver.DriverFactory - Closing Browser
2026-07-02 18:53:48.611 [TestNG-PoolService-2] INFO  testCases.TC002_LoginTest - ********* Starting TC_002_LoginTest With Test Data *********
2026-07-02 18:53:48.860 [TestNG-PoolService-4] INFO  testCases.TC002_LoginTest - ********* Starting TC_002_LoginTest With Test Data *********
2026-07-02 18:53:49.352 [TestNG-PoolService-3] INFO  testCases.TC002_LoginTest - ********* Starting TC_002_LoginTest With Test Data *********
2026-07-02 18:53:50.090 [TestNG-PoolService-1] INFO  testCases.TC002_LoginTest - ********* Starting TC_002_LoginTest With Test Data *********
2026-07-02 18:54:10.744 [TestNG-PoolService-2] ERROR testCases.TC002_LoginTest - Exception occurred during DDT execution
org.openqa.selenium.TimeoutException: Expected condition failed: waiting for element found by By.xpath: //a[normalize-space()='Login'] to be clickable, but the element was not visible.
(tried for 20 seconds with 500 milliseconds interval)
Build info: version: '4.41.0', revision: '9fc754f'
System info: os.name: 'Windows 11', os.arch: 'amd64', os.version: '10.0', java.version: '24'
Driver info: org.openqa.selenium.chrome.ChromeDriver
Capabilities {acceptInsecureCerts: false, browserName: chrome, browserVersion: 150.0.7871.47, chrome: {chromedriverVersion: 150.0.7871.46 (5b586c06e0d2..., userDataDir: C:\Users\Tushar\AppData\Loc...}, fedcm:accounts: true, goog:chromeOptions: {debuggerAddress: localhost:61850}, goog:processID: 19640, networkConnectionEnabled: false, pageLoadStrategy: normal, platformName: windows, proxy: Proxy(), se:cdp: ws://localhost:61850/devtoo..., se:cdpVersion: 150.0.7871.47, setWindowRect: true, strictFileInteractability: false, timeouts: {implicit: 0, pageLoad: 300000, script: 30000}, unhandledPromptBehavior: dismiss and notify, webauthn:extension:credBlob: true, webauthn:extension:largeBlob: true, webauthn:extension:minPinLength: true, webauthn:extension:prf: true, webauthn:virtualAuthenticators: true}
Session ID: 0110aa4e24a915c171dbab29c736f8a1
	at org.openqa.selenium.support.ui.WebDriverWait.timeoutException(WebDriverWait.java:85) ~[selenium-support-4.41.0.jar:?]
	at org.openqa.selenium.support.ui.FluentWait.until(FluentWait.java:233) ~[selenium-support-4.41.0.jar:?]
	at Actions.ElementActions.click(ElementActions.java:35) ~[classes/:?]
	at Components.HeaderComponent.navigateToLoginPage(HeaderComponent.java:37) ~[classes/:?]
	at testCases.TC002_LoginTest.verifyLoginDDT(TC002_LoginTest.java:79) [test-classes/:?]
	at java.base/jdk.internal.reflect.DirectMethodHandleAccessor.invoke(DirectMethodHandleAccessor.java:104) ~[?:?]
	at java.base/java.lang.reflect.Method.invoke(Method.java:565) ~[?:?]
	at org.testng.internal.invokers.MethodInvocationHelper.invokeMethod(MethodInvocationHelper.java:141) [testng-7.12.0.jar:7.12.0]
	at org.testng.internal.invokers.TestInvoker.invokeMethod(TestInvoker.java:697) [testng-7.12.0.jar:7.12.0]
	at org.testng.internal.invokers.TestInvoker.invokeTestMethod(TestInvoker.java:230) [testng-7.12.0.jar:7.12.0]
	at org.testng.internal.invokers.TestMethodWithDataProviderMethodWorker.call(TestMethodWithDataProviderMethodWorker.java:81) [testng-7.12.0.jar:7.12.0]
	at org.testng.internal.thread.Async$AsyncTask.run(Async.java:34) [testng-7.12.0.jar:7.12.0]
	at java.base/java.util.concurrent.ThreadPoolExecutor.runWorker(ThreadPoolExecutor.java:1095) [?:?]
	at java.base/java.util.concurrent.ThreadPoolExecutor$Worker.run(ThreadPoolExecutor.java:619) [?:?]
	at java.base/java.lang.Thread.run(Thread.java:1447) [?:?]
2026-07-02 18:54:10.815 [TestNG-PoolService-2] INFO  Driver.DriverFactory - Closing Browser
2026-07-02 18:54:11.092 [TestNG-PoolService-4] ERROR testCases.TC002_LoginTest - Exception occurred during DDT execution
org.openqa.selenium.TimeoutException: Expected condition failed: waiting for element found by By.xpath: //a[normalize-space()='Login'] to be clickable, but the element was not visible.
(tried for 20 seconds with 500 milliseconds interval)
Build info: version: '4.41.0', revision: '9fc754f'
System info: os.name: 'Windows 11', os.arch: 'amd64', os.version: '10.0', java.version: '24'
Driver info: org.openqa.selenium.chrome.ChromeDriver
Capabilities {acceptInsecureCerts: false, browserName: chrome, browserVersion: 150.0.7871.47, chrome: {chromedriverVersion: 150.0.7871.46 (5b586c06e0d2..., userDataDir: C:\Users\Tushar\AppData\Loc...}, fedcm:accounts: true, goog:chromeOptions: {debuggerAddress: localhost:61850}, goog:processID: 19640, networkConnectionEnabled: false, pageLoadStrategy: normal, platformName: windows, proxy: Proxy(), se:cdp: ws://localhost:61850/devtoo..., se:cdpVersion: 150.0.7871.47, setWindowRect: true, strictFileInteractability: false, timeouts: {implicit: 0, pageLoad: 300000, script: 30000}, unhandledPromptBehavior: dismiss and notify, webauthn:extension:credBlob: true, webauthn:extension:largeBlob: true, webauthn:extension:minPinLength: true, webauthn:extension:prf: true, webauthn:virtualAuthenticators: true}
Session ID: 0110aa4e24a915c171dbab29c736f8a1
	at org.openqa.selenium.support.ui.WebDriverWait.timeoutException(WebDriverWait.java:85) ~[selenium-support-4.41.0.jar:?]
	at org.openqa.selenium.support.ui.FluentWait.until(FluentWait.java:233) ~[selenium-support-4.41.0.jar:?]
	at Actions.ElementActions.click(ElementActions.java:35) ~[classes/:?]
	at Components.HeaderComponent.navigateToLoginPage(HeaderComponent.java:37) ~[classes/:?]
	at testCases.TC002_LoginTest.verifyLoginDDT(TC002_LoginTest.java:79) [test-classes/:?]
	at java.base/jdk.internal.reflect.DirectMethodHandleAccessor.invoke(DirectMethodHandleAccessor.java:104) ~[?:?]
	at java.base/java.lang.reflect.Method.invoke(Method.java:565) ~[?:?]
	at org.testng.internal.invokers.MethodInvocationHelper.invokeMethod(MethodInvocationHelper.java:141) [testng-7.12.0.jar:7.12.0]
	at org.testng.internal.invokers.TestInvoker.invokeMethod(TestInvoker.java:697) [testng-7.12.0.jar:7.12.0]
	at org.testng.internal.invokers.TestInvoker.invokeTestMethod(TestInvoker.java:230) [testng-7.12.0.jar:7.12.0]
	at org.testng.internal.invokers.TestMethodWithDataProviderMethodWorker.call(TestMethodWithDataProviderMethodWorker.java:81) [testng-7.12.0.jar:7.12.0]
	at org.testng.internal.thread.Async$AsyncTask.run(Async.java:34) [testng-7.12.0.jar:7.12.0]
	at java.base/java.util.concurrent.ThreadPoolExecutor.runWorker(ThreadPoolExecutor.java:1095) [?:?]
	at java.base/java.util.concurrent.ThreadPoolExecutor$Worker.run(ThreadPoolExecutor.java:619) [?:?]
	at java.base/java.lang.Thread.run(Thread.java:1447) [?:?]
2026-07-02 18:54:11.108 [TestNG-PoolService-4] INFO  Driver.DriverFactory - Closing Browser
2026-07-02 18:54:11.239 [TestNG-PoolService-1] ERROR testCases.TC002_LoginTest - Exception occurred during DDT execution
org.openqa.selenium.TimeoutException: Expected condition failed: waiting for element found by By.xpath: //a[normalize-space()='Login'] to be clickable, but the element was not visible.
(tried for 20 seconds with 500 milliseconds interval)
Build info: version: '4.41.0', revision: '9fc754f'
System info: os.name: 'Windows 11', os.arch: 'amd64', os.version: '10.0', java.version: '24'
Driver info: org.openqa.selenium.chrome.ChromeDriver
Capabilities {acceptInsecureCerts: false, browserName: chrome, browserVersion: 150.0.7871.47, chrome: {chromedriverVersion: 150.0.7871.46 (5b586c06e0d2..., userDataDir: C:\Users\Tushar\AppData\Loc...}, fedcm:accounts: true, goog:chromeOptions: {debuggerAddress: localhost:61850}, goog:processID: 19640, networkConnectionEnabled: false, pageLoadStrategy: normal, platformName: windows, proxy: Proxy(), se:cdp: ws://localhost:61850/devtoo..., se:cdpVersion: 150.0.7871.47, setWindowRect: true, strictFileInteractability: false, timeouts: {implicit: 0, pageLoad: 300000, script: 30000}, unhandledPromptBehavior: dismiss and notify, webauthn:extension:credBlob: true, webauthn:extension:largeBlob: true, webauthn:extension:minPinLength: true, webauthn:extension:prf: true, webauthn:virtualAuthenticators: true}
Session ID: 0110aa4e24a915c171dbab29c736f8a1
	at org.openqa.selenium.support.ui.WebDriverWait.timeoutException(WebDriverWait.java:85) ~[selenium-support-4.41.0.jar:?]
	at org.openqa.selenium.support.ui.FluentWait.until(FluentWait.java:233) ~[selenium-support-4.41.0.jar:?]
	at Actions.ElementActions.click(ElementActions.java:35) ~[classes/:?]
	at Components.HeaderComponent.navigateToLoginPage(HeaderComponent.java:37) ~[classes/:?]
	at testCases.TC002_LoginTest.verifyLoginDDT(TC002_LoginTest.java:79) [test-classes/:?]
	at java.base/jdk.internal.reflect.DirectMethodHandleAccessor.invoke(DirectMethodHandleAccessor.java:104) ~[?:?]
	at java.base/java.lang.reflect.Method.invoke(Method.java:565) ~[?:?]
	at org.testng.internal.invokers.MethodInvocationHelper.invokeMethod(MethodInvocationHelper.java:141) [testng-7.12.0.jar:7.12.0]
	at org.testng.internal.invokers.TestInvoker.invokeMethod(TestInvoker.java:697) [testng-7.12.0.jar:7.12.0]
	at org.testng.internal.invokers.TestInvoker.invokeTestMethod(TestInvoker.java:230) [testng-7.12.0.jar:7.12.0]
	at org.testng.internal.invokers.TestMethodWithDataProviderMethodWorker.call(TestMethodWithDataProviderMethodWorker.java:81) [testng-7.12.0.jar:7.12.0]
	at org.testng.internal.thread.Async$AsyncTask.run(Async.java:34) [testng-7.12.0.jar:7.12.0]
	at java.base/java.util.concurrent.ThreadPoolExecutor.runWorker(ThreadPoolExecutor.java:1095) [?:?]
	at java.base/java.util.concurrent.ThreadPoolExecutor$Worker.run(ThreadPoolExecutor.java:619) [?:?]
	at java.base/java.lang.Thread.run(Thread.java:1447) [?:?]
2026-07-02 18:54:11.244 [TestNG-PoolService-1] INFO  Driver.DriverFactory - Closing Browser
2026-07-02 18:54:12.822 [TestNG-PoolService-3] ERROR testCases.TC002_LoginTest - Exception occurred during DDT execution
org.openqa.selenium.remote.UnreachableBrowserException: Error communicating with the remote browser. It may have died.
Build info: version: '4.41.0', revision: '9fc754f'
System info: os.name: 'Windows 11', os.arch: 'amd64', os.version: '10.0', java.version: '24'
Driver info: org.openqa.selenium.chrome.ChromeDriver
Command: [0110aa4e24a915c171dbab29c736f8a1, findElement [value, using]]
Capabilities {acceptInsecureCerts: false, browserName: chrome, browserVersion: 150.0.7871.47, chrome: {chromedriverVersion: 150.0.7871.46 (5b586c06e0d2..., userDataDir: C:\Users\Tushar\AppData\Loc...}, fedcm:accounts: true, goog:chromeOptions: {debuggerAddress: localhost:61850}, goog:processID: 19640, networkConnectionEnabled: false, pageLoadStrategy: normal, platformName: windows, proxy: Proxy(), se:cdp: ws://localhost:61850/devtoo..., se:cdpVersion: 150.0.7871.47, setWindowRect: true, strictFileInteractability: false, timeouts: {implicit: 0, pageLoad: 300000, script: 30000}, unhandledPromptBehavior: dismiss and notify, webauthn:extension:credBlob: true, webauthn:extension:largeBlob: true, webauthn:extension:minPinLength: true, webauthn:extension:prf: true, webauthn:virtualAuthenticators: true}
Session ID: 0110aa4e24a915c171dbab29c736f8a1
	at org.openqa.selenium.remote.RemoteWebDriver.execute(RemoteWebDriver.java:640) ~[selenium-remote-driver-4.41.0.jar:?]
	at org.openqa.selenium.remote.ElementLocation$ElementFinder$2.findElement(ElementLocation.java:166) ~[selenium-remote-driver-4.41.0.jar:?]
	at org.openqa.selenium.remote.ElementLocation.findElement(ElementLocation.java:60) ~[selenium-remote-driver-4.41.0.jar:?]
	at org.openqa.selenium.remote.RemoteWebDriver.findElement(RemoteWebDriver.java:427) ~[selenium-remote-driver-4.41.0.jar:?]
	at org.openqa.selenium.remote.RemoteWebDriver.findElement(RemoteWebDriver.java:421) ~[selenium-remote-driver-4.41.0.jar:?]
	at org.openqa.selenium.support.ui.ExpectedConditions$22.apply(ExpectedConditions.java:756) ~[selenium-support-4.41.0.jar:?]
	at org.openqa.selenium.support.ui.ExpectedConditions$22.apply(ExpectedConditions.java:749) ~[selenium-support-4.41.0.jar:?]
	at org.openqa.selenium.support.ui.FluentWait.until(FluentWait.java:209) ~[selenium-support-4.41.0.jar:?]
	at Actions.ElementActions.click(ElementActions.java:35) ~[classes/:?]
	at Components.HeaderComponent.navigateToLoginPage(HeaderComponent.java:37) ~[classes/:?]
	at testCases.TC002_LoginTest.verifyLoginDDT(TC002_LoginTest.java:79) [test-classes/:?]
	at java.base/jdk.internal.reflect.DirectMethodHandleAccessor.invoke(DirectMethodHandleAccessor.java:104) ~[?:?]
	at java.base/java.lang.reflect.Method.invoke(Method.java:565) ~[?:?]
	at org.testng.internal.invokers.MethodInvocationHelper.invokeMethod(MethodInvocationHelper.java:141) [testng-7.12.0.jar:7.12.0]
	at org.testng.internal.invokers.TestInvoker.invokeMethod(TestInvoker.java:697) [testng-7.12.0.jar:7.12.0]
	at org.testng.internal.invokers.TestInvoker.invokeTestMethod(TestInvoker.java:230) [testng-7.12.0.jar:7.12.0]
	at org.testng.internal.invokers.TestMethodWithDataProviderMethodWorker.call(TestMethodWithDataProviderMethodWorker.java:81) [testng-7.12.0.jar:7.12.0]
	at org.testng.internal.thread.Async$AsyncTask.run(Async.java:34) [testng-7.12.0.jar:7.12.0]
	at java.base/java.util.concurrent.ThreadPoolExecutor.runWorker(ThreadPoolExecutor.java:1095) [?:?]
	at java.base/java.util.concurrent.ThreadPoolExecutor$Worker.run(ThreadPoolExecutor.java:619) [?:?]
	at java.base/java.lang.Thread.run(Thread.java:1447) [?:?]
Caused by: java.io.UncheckedIOException: Failed to execute request (POST http://localhost:32730/session/0110aa4e24a915c171dbab29c736f8a1/element)
	at org.openqa.selenium.remote.http.jdk.JdkHttpClient.execute0(JdkHttpClient.java:491) ~[selenium-http-4.41.0.jar:?]
	at org.openqa.selenium.remote.http.AddSeleniumUserAgent.lambda$apply$0(AddSeleniumUserAgent.java:44) ~[selenium-http-4.41.0.jar:?]
	at org.openqa.selenium.remote.http.Filter.lambda$andFinally$1(Filter.java:55) ~[selenium-http-4.41.0.jar:?]
	at org.openqa.selenium.remote.http.jdk.JdkHttpClient.lambda$executeAsync$2(JdkHttpClient.java:389) ~[selenium-http-4.41.0.jar:?]
	at java.base/java.util.concurrent.Executors$RunnableAdapter.call(Executors.java:545) ~[?:?]
	at java.base/java.util.concurrent.FutureTask.run(FutureTask.java:328) ~[?:?]
	... 3 more
Caused by: java.io.IOException: Task jdk.internal.net.http.common.SequentialScheduler$SchedulableTask@695cc6db rejected from java.util.concurrent.ThreadPoolExecutor@689731e7[Shutting down, pool size = 2, active threads = 2, queued tasks = 0, completed tasks = 1476]
	at java.net.http/jdk.internal.net.http.HttpClientImpl.send(HttpClientImpl.java:940) ~[java.net.http:?]
	at java.net.http/jdk.internal.net.http.HttpClientFacade.send(HttpClientFacade.java:133) ~[java.net.http:?]
	at org.openqa.selenium.remote.http.jdk.JdkHttpClient.execute0(JdkHttpClient.java:463) ~[selenium-http-4.41.0.jar:?]
	at org.openqa.selenium.remote.http.AddSeleniumUserAgent.lambda$apply$0(AddSeleniumUserAgent.java:44) ~[selenium-http-4.41.0.jar:?]
	at org.openqa.selenium.remote.http.Filter.lambda$andFinally$1(Filter.java:55) ~[selenium-http-4.41.0.jar:?]
	at org.openqa.selenium.remote.http.jdk.JdkHttpClient.lambda$executeAsync$2(JdkHttpClient.java:389) ~[selenium-http-4.41.0.jar:?]
	at java.base/java.util.concurrent.Executors$RunnableAdapter.call(Executors.java:545) ~[?:?]
	at java.base/java.util.concurrent.FutureTask.run(FutureTask.java:328) ~[?:?]
	... 3 more
Caused by: java.util.concurrent.RejectedExecutionException: Task jdk.internal.net.http.common.SequentialScheduler$SchedulableTask@695cc6db rejected from java.util.concurrent.ThreadPoolExecutor@689731e7[Shutting down, pool size = 2, active threads = 2, queued tasks = 0, completed tasks = 1476]
	at java.base/java.util.concurrent.ThreadPoolExecutor$AbortPolicy.rejectedExecution(ThreadPoolExecutor.java:2027) ~[?:?]
	at java.base/java.util.concurrent.ThreadPoolExecutor.reject(ThreadPoolExecutor.java:792) ~[?:?]
	at java.base/java.util.concurrent.ThreadPoolExecutor.execute(ThreadPoolExecutor.java:1328) ~[?:?]
	at java.net.http/jdk.internal.net.http.HttpClientImpl$DelegatingExecutor.ensureExecutedAsync(HttpClientImpl.java:174) ~[java.net.http:?]
	at java.net.http/jdk.internal.net.http.HttpClientImpl$DelegatingExecutor.execute(HttpClientImpl.java:166) ~[java.net.http:?]
	at java.net.http/jdk.internal.net.http.common.SequentialScheduler.runOrSchedule(SequentialScheduler.java:282) ~[java.net.http:?]
	at java.net.http/jdk.internal.net.http.common.SequentialScheduler.runOrSchedule(SequentialScheduler.java:251) ~[java.net.http:?]
	at java.net.http/jdk.internal.net.http.Http1AsyncReceiver.onReadError(Http1AsyncReceiver.java:516) ~[java.net.http:?]
	at java.net.http/jdk.internal.net.http.Http1AsyncReceiver$Http1TubeSubscriber.onComplete(Http1AsyncReceiver.java:601) ~[java.net.http:?]
	at java.net.http/jdk.internal.net.http.SocketTube$InternalReadPublisher$ReadSubscription.signalCompletion(SocketTube.java:653) ~[java.net.http:?]
	at java.net.http/jdk.internal.net.http.SocketTube$InternalReadPublisher$InternalReadSubscription.read(SocketTube.java:884) ~[java.net.http:?]
	at java.net.http/jdk.internal.net.http.SocketTube$SocketFlowTask.run(SocketTube.java:182) ~[java.net.http:?]
	at java.net.http/jdk.internal.net.http.common.SequentialScheduler$SchedulableTask.run(SequentialScheduler.java:207) ~[java.net.http:?]
	at java.net.http/jdk.internal.net.http.common.SequentialScheduler.runOrSchedule(SequentialScheduler.java:280) ~[java.net.http:?]
	at java.net.http/jdk.internal.net.http.common.SequentialScheduler.runOrSchedule(SequentialScheduler.java:233) ~[java.net.http:?]
	at java.net.http/jdk.internal.net.http.SocketTube$InternalReadPublisher$InternalReadSubscription.signalReadable(SocketTube.java:813) ~[java.net.http:?]
	at java.net.http/jdk.internal.net.http.SocketTube$InternalReadPublisher$ReadEvent.signalEvent(SocketTube.java:1003) ~[java.net.http:?]
	at java.net.http/jdk.internal.net.http.SocketTube$SocketFlowEvent.handle(SocketTube.java:254) ~[java.net.http:?]
	at java.net.http/jdk.internal.net.http.HttpClientImpl$SelectorManager.handleEvent(HttpClientImpl.java:1439) ~[java.net.http:?]
	at java.net.http/jdk.internal.net.http.HttpClientImpl$SelectorManager.lambda$run$3(HttpClientImpl.java:1384) ~[java.net.http:?]
	at java.base/java.util.ArrayList.forEach(ArrayList.java:1604) ~[?:?]
	at java.net.http/jdk.internal.net.http.HttpClientImpl$SelectorManager.run(HttpClientImpl.java:1384) ~[java.net.http:?]
2026-07-02 18:54:12.842 [TestNG-PoolService-3] INFO  Driver.DriverFactory - Closing Browser
2026-07-02 18:58:03.893 [main] INFO  testCases.TC001_RegistrationTest - ********* Starting TC_001_RegistrationTest With Valid Credential *********
2026-07-02 18:58:04.271 [main] INFO  testCases.TC001_RegistrationTest - Clicked My Account
2026-07-02 18:58:05.169 [main] INFO  testCases.TC001_RegistrationTest - Clicked Register
2026-07-02 18:58:06.658 [main] INFO  testCases.TC001_RegistrationTest - Registration form submitted
2026-07-02 18:58:08.353 [main] INFO  testCases.TC001_RegistrationTest - Registration completed successfully.
2026-07-02 18:58:08.355 [main] INFO  testCases.TC001_RegistrationTest - ********** Registration Test Finished **********
2026-07-02 18:58:08.367 [main] INFO  Driver.DriverFactory - Closing Browser
2026-07-02 18:58:10.788 [main] INFO  testCases.TC002_LoginTest - ********* Starting TC_002_LoginTest With Valid Credential *********
2026-07-02 18:58:10.791 [main] INFO  testCases.TC002_LoginTest - navigate to login
2026-07-02 18:58:12.608 [main] INFO  testCases.TC002_LoginTest - Passed Username and Password and Clicked Login
2026-07-02 18:58:13.571 [main] INFO  testCases.TC002_LoginTest - TEST PASSED
2026-07-02 18:58:13.573 [main] INFO  testCases.TC002_LoginTest - ********* Finished TC_002_LoginTest With Valid Credential  *********
2026-07-02 18:58:13.578 [main] INFO  Driver.DriverFactory - Closing Browser
2026-07-02 18:58:16.399 [main] INFO  testCases.TC002_LoginTest - ********* Starting TC_002_LoginTest with Invalid credentials *********
2026-07-02 18:58:17.323 [main] INFO  testCases.TC002_LoginTest - navigate to login
2026-07-02 18:58:17.891 [main] INFO  testCases.TC002_LoginTest - Passed Invalid Username and Password and Clicked Login
2026-07-02 18:58:18.507 [main] INFO  testCases.TC002_LoginTest - TEST PASSED
2026-07-02 18:58:18.509 [main] INFO  testCases.TC002_LoginTest - ********* Finished TC_002_LoginTest with invalid credentials*********
2026-07-02 18:58:18.513 [main] INFO  Driver.DriverFactory - Closing Browser
2026-07-02 18:58:27.416 [TestNG-PoolService-3] INFO  testCases.TC002_LoginTest - ********* Starting TC_002_LoginTest With Test Data *********
2026-07-02 18:58:27.545 [TestNG-PoolService-2] INFO  testCases.TC002_LoginTest - ********* Starting TC_002_LoginTest With Test Data *********
2026-07-02 18:58:28.198 [TestNG-PoolService-1] INFO  testCases.TC002_LoginTest - ********* Starting TC_002_LoginTest With Test Data *********
2026-07-02 18:58:28.602 [TestNG-PoolService-4] INFO  testCases.TC002_LoginTest - ********* Starting TC_002_LoginTest With Test Data *********
2026-07-02 18:58:49.814 [TestNG-PoolService-2] ERROR testCases.TC002_LoginTest - Exception occurred during DDT execution
org.openqa.selenium.TimeoutException: Expected condition failed: waiting for element found by By.xpath: //a[normalize-space()='Login'] to be clickable, but the element was not visible.
(tried for 20 seconds with 500 milliseconds interval)
Build info: version: '4.41.0', revision: '9fc754f'
System info: os.name: 'Windows 11', os.arch: 'amd64', os.version: '10.0', java.version: '24'
Driver info: org.openqa.selenium.chrome.ChromeDriver
Capabilities {acceptInsecureCerts: false, browserName: chrome, browserVersion: 150.0.7871.47, chrome: {chromedriverVersion: 150.0.7871.46 (5b586c06e0d2..., userDataDir: C:\Users\Tushar\AppData\Loc...}, fedcm:accounts: true, goog:chromeOptions: {debuggerAddress: localhost:54435}, goog:processID: 15496, networkConnectionEnabled: false, pageLoadStrategy: normal, platformName: windows, proxy: Proxy(), se:cdp: ws://localhost:54435/devtoo..., se:cdpVersion: 150.0.7871.47, setWindowRect: true, strictFileInteractability: false, timeouts: {implicit: 0, pageLoad: 300000, script: 30000}, unhandledPromptBehavior: dismiss and notify, webauthn:extension:credBlob: true, webauthn:extension:largeBlob: true, webauthn:extension:minPinLength: true, webauthn:extension:prf: true, webauthn:virtualAuthenticators: true}
Session ID: 951bfa7b0d0a00366d3603e767f2de44
	at org.openqa.selenium.support.ui.WebDriverWait.timeoutException(WebDriverWait.java:85) ~[selenium-support-4.41.0.jar:?]
	at org.openqa.selenium.support.ui.FluentWait.until(FluentWait.java:233) ~[selenium-support-4.41.0.jar:?]
	at Actions.ElementActions.click(ElementActions.java:35) ~[classes/:?]
	at Components.HeaderComponent.navigateToLoginPage(HeaderComponent.java:37) ~[classes/:?]
	at testCases.TC002_LoginTest.verifyLoginDDT(TC002_LoginTest.java:79) [test-classes/:?]
	at java.base/jdk.internal.reflect.DirectMethodHandleAccessor.invoke(DirectMethodHandleAccessor.java:104) ~[?:?]
	at java.base/java.lang.reflect.Method.invoke(Method.java:565) ~[?:?]
	at org.testng.internal.invokers.MethodInvocationHelper.invokeMethod(MethodInvocationHelper.java:141) [testng-7.12.0.jar:7.12.0]
	at org.testng.internal.invokers.TestInvoker.invokeMethod(TestInvoker.java:697) [testng-7.12.0.jar:7.12.0]
	at org.testng.internal.invokers.TestInvoker.invokeTestMethod(TestInvoker.java:230) [testng-7.12.0.jar:7.12.0]
	at org.testng.internal.invokers.TestMethodWithDataProviderMethodWorker.call(TestMethodWithDataProviderMethodWorker.java:81) [testng-7.12.0.jar:7.12.0]
	at org.testng.internal.thread.Async$AsyncTask.run(Async.java:34) [testng-7.12.0.jar:7.12.0]
	at java.base/java.util.concurrent.ThreadPoolExecutor.runWorker(ThreadPoolExecutor.java:1095) [?:?]
	at java.base/java.util.concurrent.ThreadPoolExecutor$Worker.run(ThreadPoolExecutor.java:619) [?:?]
	at java.base/java.lang.Thread.run(Thread.java:1447) [?:?]
2026-07-02 18:58:49.807 [TestNG-PoolService-3] ERROR testCases.TC002_LoginTest - Exception occurred during DDT execution
org.openqa.selenium.TimeoutException: Expected condition failed: waiting for element found by By.xpath: //a[normalize-space()='Login'] to be clickable, but the element was not visible.
(tried for 20 seconds with 500 milliseconds interval)
Build info: version: '4.41.0', revision: '9fc754f'
System info: os.name: 'Windows 11', os.arch: 'amd64', os.version: '10.0', java.version: '24'
Driver info: org.openqa.selenium.chrome.ChromeDriver
Capabilities {acceptInsecureCerts: false, browserName: chrome, browserVersion: 150.0.7871.47, chrome: {chromedriverVersion: 150.0.7871.46 (5b586c06e0d2..., userDataDir: C:\Users\Tushar\AppData\Loc...}, fedcm:accounts: true, goog:chromeOptions: {debuggerAddress: localhost:54435}, goog:processID: 15496, networkConnectionEnabled: false, pageLoadStrategy: normal, platformName: windows, proxy: Proxy(), se:cdp: ws://localhost:54435/devtoo..., se:cdpVersion: 150.0.7871.47, setWindowRect: true, strictFileInteractability: false, timeouts: {implicit: 0, pageLoad: 300000, script: 30000}, unhandledPromptBehavior: dismiss and notify, webauthn:extension:credBlob: true, webauthn:extension:largeBlob: true, webauthn:extension:minPinLength: true, webauthn:extension:prf: true, webauthn:virtualAuthenticators: true}
Session ID: 951bfa7b0d0a00366d3603e767f2de44
	at org.openqa.selenium.support.ui.WebDriverWait.timeoutException(WebDriverWait.java:85) ~[selenium-support-4.41.0.jar:?]
	at org.openqa.selenium.support.ui.FluentWait.until(FluentWait.java:233) ~[selenium-support-4.41.0.jar:?]
	at Actions.ElementActions.click(ElementActions.java:35) ~[classes/:?]
	at Components.HeaderComponent.navigateToLoginPage(HeaderComponent.java:37) ~[classes/:?]
	at testCases.TC002_LoginTest.verifyLoginDDT(TC002_LoginTest.java:79) [test-classes/:?]
	at java.base/jdk.internal.reflect.DirectMethodHandleAccessor.invoke(DirectMethodHandleAccessor.java:104) ~[?:?]
	at java.base/java.lang.reflect.Method.invoke(Method.java:565) ~[?:?]
	at org.testng.internal.invokers.MethodInvocationHelper.invokeMethod(MethodInvocationHelper.java:141) [testng-7.12.0.jar:7.12.0]
	at org.testng.internal.invokers.TestInvoker.invokeMethod(TestInvoker.java:697) [testng-7.12.0.jar:7.12.0]
	at org.testng.internal.invokers.TestInvoker.invokeTestMethod(TestInvoker.java:230) [testng-7.12.0.jar:7.12.0]
	at org.testng.internal.invokers.TestMethodWithDataProviderMethodWorker.call(TestMethodWithDataProviderMethodWorker.java:81) [testng-7.12.0.jar:7.12.0]
	at org.testng.internal.thread.Async$AsyncTask.run(Async.java:34) [testng-7.12.0.jar:7.12.0]
	at java.base/java.util.concurrent.ThreadPoolExecutor.runWorker(ThreadPoolExecutor.java:1095) [?:?]
	at java.base/java.util.concurrent.ThreadPoolExecutor$Worker.run(ThreadPoolExecutor.java:619) [?:?]
	at java.base/java.lang.Thread.run(Thread.java:1447) [?:?]
2026-07-02 18:58:49.855 [TestNG-PoolService-3] INFO  Driver.DriverFactory - Closing Browser
2026-07-02 18:58:49.856 [TestNG-PoolService-2] INFO  Driver.DriverFactory - Closing Browser
2026-07-02 18:58:49.863 [TestNG-PoolService-1] ERROR testCases.TC002_LoginTest - Exception occurred during DDT execution
org.openqa.selenium.TimeoutException: Expected condition failed: waiting for element found by By.xpath: //a[normalize-space()='Login'] to be clickable, but the element was not visible.
(tried for 20 seconds with 500 milliseconds interval)
Build info: version: '4.41.0', revision: '9fc754f'
System info: os.name: 'Windows 11', os.arch: 'amd64', os.version: '10.0', java.version: '24'
Driver info: org.openqa.selenium.chrome.ChromeDriver
Capabilities {acceptInsecureCerts: false, browserName: chrome, browserVersion: 150.0.7871.47, chrome: {chromedriverVersion: 150.0.7871.46 (5b586c06e0d2..., userDataDir: C:\Users\Tushar\AppData\Loc...}, fedcm:accounts: true, goog:chromeOptions: {debuggerAddress: localhost:54435}, goog:processID: 15496, networkConnectionEnabled: false, pageLoadStrategy: normal, platformName: windows, proxy: Proxy(), se:cdp: ws://localhost:54435/devtoo..., se:cdpVersion: 150.0.7871.47, setWindowRect: true, strictFileInteractability: false, timeouts: {implicit: 0, pageLoad: 300000, script: 30000}, unhandledPromptBehavior: dismiss and notify, webauthn:extension:credBlob: true, webauthn:extension:largeBlob: true, webauthn:extension:minPinLength: true, webauthn:extension:prf: true, webauthn:virtualAuthenticators: true}
Session ID: 951bfa7b0d0a00366d3603e767f2de44
	at org.openqa.selenium.support.ui.WebDriverWait.timeoutException(WebDriverWait.java:85) ~[selenium-support-4.41.0.jar:?]
	at org.openqa.selenium.support.ui.FluentWait.until(FluentWait.java:233) ~[selenium-support-4.41.0.jar:?]
	at Actions.ElementActions.click(ElementActions.java:35) ~[classes/:?]
	at Components.HeaderComponent.navigateToLoginPage(HeaderComponent.java:37) ~[classes/:?]
	at testCases.TC002_LoginTest.verifyLoginDDT(TC002_LoginTest.java:79) [test-classes/:?]
	at java.base/jdk.internal.reflect.DirectMethodHandleAccessor.invoke(DirectMethodHandleAccessor.java:104) ~[?:?]
	at java.base/java.lang.reflect.Method.invoke(Method.java:565) ~[?:?]
	at org.testng.internal.invokers.MethodInvocationHelper.invokeMethod(MethodInvocationHelper.java:141) [testng-7.12.0.jar:7.12.0]
	at org.testng.internal.invokers.TestInvoker.invokeMethod(TestInvoker.java:697) [testng-7.12.0.jar:7.12.0]
	at org.testng.internal.invokers.TestInvoker.invokeTestMethod(TestInvoker.java:230) [testng-7.12.0.jar:7.12.0]
	at org.testng.internal.invokers.TestMethodWithDataProviderMethodWorker.call(TestMethodWithDataProviderMethodWorker.java:81) [testng-7.12.0.jar:7.12.0]
	at org.testng.internal.thread.Async$AsyncTask.run(Async.java:34) [testng-7.12.0.jar:7.12.0]
	at java.base/java.util.concurrent.ThreadPoolExecutor.runWorker(ThreadPoolExecutor.java:1095) [?:?]
	at java.base/java.util.concurrent.ThreadPoolExecutor$Worker.run(ThreadPoolExecutor.java:619) [?:?]
	at java.base/java.lang.Thread.run(Thread.java:1447) [?:?]
2026-07-02 18:58:49.870 [TestNG-PoolService-1] INFO  Driver.DriverFactory - Closing Browser
2026-07-02 18:58:50.445 [TestNG-PoolService-4] ERROR testCases.TC002_LoginTest - Exception occurred during DDT execution
org.openqa.selenium.TimeoutException: Expected condition failed: waiting for element found by By.xpath: //a[normalize-space()='Login'] to be clickable, but the element was not visible.
(tried for 20 seconds with 500 milliseconds interval)
Build info: version: '4.41.0', revision: '9fc754f'
System info: os.name: 'Windows 11', os.arch: 'amd64', os.version: '10.0', java.version: '24'
Driver info: org.openqa.selenium.chrome.ChromeDriver
Capabilities {acceptInsecureCerts: false, browserName: chrome, browserVersion: 150.0.7871.47, chrome: {chromedriverVersion: 150.0.7871.46 (5b586c06e0d2..., userDataDir: C:\Users\Tushar\AppData\Loc...}, fedcm:accounts: true, goog:chromeOptions: {debuggerAddress: localhost:54435}, goog:processID: 15496, networkConnectionEnabled: false, pageLoadStrategy: normal, platformName: windows, proxy: Proxy(), se:cdp: ws://localhost:54435/devtoo..., se:cdpVersion: 150.0.7871.47, setWindowRect: true, strictFileInteractability: false, timeouts: {implicit: 0, pageLoad: 300000, script: 30000}, unhandledPromptBehavior: dismiss and notify, webauthn:extension:credBlob: true, webauthn:extension:largeBlob: true, webauthn:extension:minPinLength: true, webauthn:extension:prf: true, webauthn:virtualAuthenticators: true}
Session ID: 951bfa7b0d0a00366d3603e767f2de44
	at org.openqa.selenium.support.ui.WebDriverWait.timeoutException(WebDriverWait.java:85) ~[selenium-support-4.41.0.jar:?]
	at org.openqa.selenium.support.ui.FluentWait.until(FluentWait.java:233) ~[selenium-support-4.41.0.jar:?]
	at Actions.ElementActions.click(ElementActions.java:35) ~[classes/:?]
	at Components.HeaderComponent.navigateToLoginPage(HeaderComponent.java:37) ~[classes/:?]
	at testCases.TC002_LoginTest.verifyLoginDDT(TC002_LoginTest.java:79) [test-classes/:?]
	at java.base/jdk.internal.reflect.DirectMethodHandleAccessor.invoke(DirectMethodHandleAccessor.java:104) ~[?:?]
	at java.base/java.lang.reflect.Method.invoke(Method.java:565) ~[?:?]
	at org.testng.internal.invokers.MethodInvocationHelper.invokeMethod(MethodInvocationHelper.java:141) [testng-7.12.0.jar:7.12.0]
	at org.testng.internal.invokers.TestInvoker.invokeMethod(TestInvoker.java:697) [testng-7.12.0.jar:7.12.0]
	at org.testng.internal.invokers.TestInvoker.invokeTestMethod(TestInvoker.java:230) [testng-7.12.0.jar:7.12.0]
	at org.testng.internal.invokers.TestMethodWithDataProviderMethodWorker.call(TestMethodWithDataProviderMethodWorker.java:81) [testng-7.12.0.jar:7.12.0]
	at org.testng.internal.thread.Async$AsyncTask.run(Async.java:34) [testng-7.12.0.jar:7.12.0]
	at java.base/java.util.concurrent.ThreadPoolExecutor.runWorker(ThreadPoolExecutor.java:1095) [?:?]
	at java.base/java.util.concurrent.ThreadPoolExecutor$Worker.run(ThreadPoolExecutor.java:619) [?:?]
	at java.base/java.lang.Thread.run(Thread.java:1447) [?:?]
2026-07-02 18:58:50.461 [TestNG-PoolService-4] INFO  Driver.DriverFactory - Closing Browser
2026-07-02 19:01:47.932 [main] INFO  testCases.TC001_RegistrationTest - ********* Starting TC_001_RegistrationTest With Valid Credential *********
2026-07-02 19:01:48.235 [main] INFO  testCases.TC001_RegistrationTest - Clicked My Account
2026-07-02 19:01:49.020 [main] INFO  testCases.TC001_RegistrationTest - Clicked Register
2026-07-02 19:01:50.498 [main] INFO  testCases.TC001_RegistrationTest - Registration form submitted
2026-07-02 19:01:52.909 [main] INFO  testCases.TC001_RegistrationTest - Registration completed successfully.
2026-07-02 19:01:52.910 [main] INFO  testCases.TC001_RegistrationTest - ********** Registration Test Finished **********
2026-07-02 19:01:52.922 [main] INFO  Driver.DriverFactory - Closing Browser
2026-07-02 19:01:55.463 [main] INFO  testCases.TC002_LoginTest - ********* Starting TC_002_LoginTest With Valid Credential *********
2026-07-02 19:01:55.464 [main] INFO  testCases.TC002_LoginTest - navigate to login
2026-07-02 19:01:57.002 [main] INFO  testCases.TC002_LoginTest - Passed Username and Password and Clicked Login
2026-07-02 19:01:57.772 [main] INFO  testCases.TC002_LoginTest - TEST PASSED
2026-07-02 19:01:57.773 [main] INFO  testCases.TC002_LoginTest - ********* Finished TC_002_LoginTest With Valid Credential  *********
2026-07-02 19:01:57.778 [main] INFO  Driver.DriverFactory - Closing Browser
2026-07-02 19:02:00.026 [main] INFO  testCases.TC002_LoginTest - ********* Starting TC_002_LoginTest with Invalid credentials *********
2026-07-02 19:02:00.986 [main] INFO  testCases.TC002_LoginTest - navigate to login
2026-07-02 19:02:01.466 [main] INFO  testCases.TC002_LoginTest - Passed Invalid Username and Password and Clicked Login
2026-07-02 19:02:02.041 [main] INFO  testCases.TC002_LoginTest - TEST PASSED
2026-07-02 19:02:02.043 [main] INFO  testCases.TC002_LoginTest - ********* Finished TC_002_LoginTest with invalid credentials*********
2026-07-02 19:02:02.060 [main] INFO  Driver.DriverFactory - Closing Browser
2026-07-02 19:02:04.455 [main] INFO  testCases.TC002_LoginTest - ********* Starting TC_002_LoginTest With Test Data *********
2026-07-02 19:02:05.286 [main] INFO  testCases.TC002_LoginTest - navigate to login
2026-07-02 19:02:05.864 [main] INFO  testCases.TC002_LoginTest - Entered Username: tusharpotdar99@gmail.com
2026-07-02 19:02:05.864 [main] INFO  testCases.TC002_LoginTest - Clicked Login button
2026-07-02 19:02:06.629 [main] INFO  testCases.TC002_LoginTest - Login successful as expected.
2026-07-02 19:02:06.630 [main] INFO  testCases.TC002_LoginTest - ********* Finished TC_003_LoginTest_DDT *********
2026-07-02 19:02:06.639 [main] INFO  Driver.DriverFactory - Closing Browser
2026-07-02 19:02:08.792 [main] INFO  testCases.TC002_LoginTest - ********* Starting TC_002_LoginTest With Test Data *********
2026-07-02 19:02:09.910 [main] INFO  testCases.TC002_LoginTest - navigate to login
2026-07-02 19:02:10.433 [main] INFO  testCases.TC002_LoginTest - Entered Username: tusharpotdar99@gmail.com
2026-07-02 19:02:10.434 [main] INFO  testCases.TC002_LoginTest - Clicked Login button
2026-07-02 19:02:11.017 [main] INFO  testCases.TC002_LoginTest - Invalid login verified successfully.
2026-07-02 19:02:11.018 [main] INFO  testCases.TC002_LoginTest - ********* Finished TC_003_LoginTest_DDT *********
2026-07-02 19:02:11.024 [main] INFO  Driver.DriverFactory - Closing Browser
2026-07-02 19:02:13.076 [main] INFO  testCases.TC002_LoginTest - ********* Starting TC_002_LoginTest With Test Data *********
2026-07-02 19:02:13.917 [main] INFO  testCases.TC002_LoginTest - navigate to login
2026-07-02 19:02:14.498 [main] INFO  testCases.TC002_LoginTest - Entered Username: tusharpotdar@gmail.com
2026-07-02 19:02:14.499 [main] INFO  testCases.TC002_LoginTest - Clicked Login button
2026-07-02 19:02:15.090 [main] INFO  testCases.TC002_LoginTest - Invalid login verified successfully.
2026-07-02 19:02:15.092 [main] INFO  testCases.TC002_LoginTest - ********* Finished TC_003_LoginTest_DDT *********
2026-07-02 19:02:15.097 [main] INFO  Driver.DriverFactory - Closing Browser
2026-07-02 19:02:17.126 [main] INFO  testCases.TC002_LoginTest - ********* Starting TC_002_LoginTest With Test Data *********
2026-07-02 19:02:17.920 [main] INFO  testCases.TC002_LoginTest - navigate to login
2026-07-02 19:02:18.388 [main] INFO  testCases.TC002_LoginTest - Entered Username: tusharpotdar@gmail.com
2026-07-02 19:02:18.390 [main] INFO  testCases.TC002_LoginTest - Clicked Login button
2026-07-02 19:02:18.972 [main] INFO  testCases.TC002_LoginTest - Invalid login verified successfully.
2026-07-02 19:02:18.974 [main] INFO  testCases.TC002_LoginTest - ********* Finished TC_003_LoginTest_DDT *********
2026-07-02 19:02:18.979 [main] INFO  Driver.DriverFactory - Closing Browser
2026-07-02 19:05:01.790 [main] INFO  testCases.TC001_RegistrationTest - ********* Starting TC_001_RegistrationTest With Valid Credential *********
2026-07-02 19:05:02.488 [main] INFO  testCases.TC001_RegistrationTest - Clicked My Account
2026-07-02 19:05:03.228 [main] INFO  testCases.TC001_RegistrationTest - Clicked Register
2026-07-02 19:05:04.953 [main] INFO  testCases.TC001_RegistrationTest - Registration form submitted
2026-07-02 19:05:07.301 [main] INFO  testCases.TC001_RegistrationTest - Registration completed successfully.
2026-07-02 19:05:07.303 [main] INFO  testCases.TC001_RegistrationTest - ********** Registration Test Finished **********
2026-07-02 19:05:07.316 [main] INFO  Driver.DriverFactory - Closing Browser
2026-07-02 19:05:09.839 [main] INFO  testCases.TC002_LoginTest - ********* Starting TC_002_LoginTest With Valid Credential *********
2026-07-02 19:05:09.840 [main] INFO  testCases.TC002_LoginTest - navigate to login
2026-07-02 19:05:11.340 [main] INFO  testCases.TC002_LoginTest - Passed Username and Password and Clicked Login
2026-07-02 19:05:12.134 [main] INFO  testCases.TC002_LoginTest - TEST PASSED
2026-07-02 19:05:12.135 [main] INFO  testCases.TC002_LoginTest - ********* Finished TC_002_LoginTest With Valid Credential  *********
2026-07-02 19:05:12.140 [main] INFO  Driver.DriverFactory - Closing Browser
2026-07-02 19:05:14.349 [main] INFO  testCases.TC002_LoginTest - ********* Starting TC_002_LoginTest with Invalid credentials *********
2026-07-02 19:05:15.343 [main] INFO  testCases.TC002_LoginTest - navigate to login
2026-07-02 19:05:15.904 [main] INFO  testCases.TC002_LoginTest - Passed Invalid Username and Password and Clicked Login
2026-07-02 19:05:16.485 [main] INFO  testCases.TC002_LoginTest - TEST PASSED
2026-07-02 19:05:16.487 [main] INFO  testCases.TC002_LoginTest - ********* Finished TC_002_LoginTest with invalid credentials*********
2026-07-02 19:05:16.494 [main] INFO  Driver.DriverFactory - Closing Browser
2026-07-02 19:05:19.002 [main] INFO  testCases.TC002_LoginTest - ********* Starting TC_002_LoginTest With Test Data *********
2026-07-02 19:05:19.857 [main] INFO  testCases.TC002_LoginTest - navigate to login
2026-07-02 19:05:20.522 [main] INFO  testCases.TC002_LoginTest - Entered Username: tusharpotdar99@gmail.com
2026-07-02 19:05:20.524 [main] INFO  testCases.TC002_LoginTest - Clicked Login button
2026-07-02 19:05:21.348 [main] INFO  testCases.TC002_LoginTest - Login successful as expected.
2026-07-02 19:05:21.349 [main] INFO  testCases.TC002_LoginTest - ********* Finished TC_003_LoginTest_DDT *********
2026-07-02 19:05:21.358 [main] INFO  Driver.DriverFactory - Closing Browser
2026-07-02 19:05:23.431 [main] INFO  testCases.TC002_LoginTest - ********* Starting TC_002_LoginTest With Test Data *********
2026-07-02 19:05:24.447 [main] INFO  testCases.TC002_LoginTest - navigate to login
2026-07-02 19:05:25.001 [main] INFO  testCases.TC002_LoginTest - Entered Username: tusharpotdar99@gmail.com
2026-07-02 19:05:25.002 [main] INFO  testCases.TC002_LoginTest - Clicked Login button
2026-07-02 19:05:25.611 [main] INFO  testCases.TC002_LoginTest - Invalid login verified successfully.
2026-07-02 19:05:25.613 [main] INFO  testCases.TC002_LoginTest - ********* Finished TC_003_LoginTest_DDT *********
2026-07-02 19:05:25.617 [main] INFO  Driver.DriverFactory - Closing Browser
2026-07-02 19:05:27.689 [main] INFO  testCases.TC002_LoginTest - ********* Starting TC_002_LoginTest With Test Data *********
2026-07-02 19:05:28.516 [main] INFO  testCases.TC002_LoginTest - navigate to login
2026-07-02 19:05:29.102 [main] INFO  testCases.TC002_LoginTest - Entered Username: tusharpotdar@gmail.com
2026-07-02 19:05:29.103 [main] INFO  testCases.TC002_LoginTest - Clicked Login button
2026-07-02 19:05:29.694 [main] INFO  testCases.TC002_LoginTest - Invalid login verified successfully.
2026-07-02 19:05:29.696 [main] INFO  testCases.TC002_LoginTest - ********* Finished TC_003_LoginTest_DDT *********
2026-07-02 19:05:29.700 [main] INFO  Driver.DriverFactory - Closing Browser
2026-07-02 19:05:31.829 [main] INFO  testCases.TC002_LoginTest - ********* Starting TC_002_LoginTest With Test Data *********
2026-07-02 19:05:32.547 [main] INFO  testCases.TC002_LoginTest - navigate to login
2026-07-02 19:05:33.067 [main] INFO  testCases.TC002_LoginTest - Entered Username: tusharpotdar@gmail.com
2026-07-02 19:05:33.069 [main] INFO  testCases.TC002_LoginTest - Clicked Login button
2026-07-02 19:05:33.666 [main] INFO  testCases.TC002_LoginTest - Invalid login verified successfully.
2026-07-02 19:05:33.667 [main] INFO  testCases.TC002_LoginTest - ********* Finished TC_003_LoginTest_DDT *********
2026-07-02 19:05:33.672 [main] INFO  Driver.DriverFactory - Closing Browser
2026-07-02 19:05:47.922 [TestNG-test-Login Smoke Tests-1] INFO  testCases.TC002_LoginTest - ********* Starting TC_002_LoginTest With Valid Credential *********
2026-07-02 19:05:48.034 [TestNG-test-Login Smoke Tests-1] INFO  testCases.TC002_LoginTest - navigate to login
2026-07-02 19:05:49.464 [TestNG-test-Login Smoke Tests-2] INFO  testCases.TC002_LoginTest - ********* Starting TC_002_LoginTest with Invalid credentials *********
2026-07-02 19:05:49.503 [TestNG-test-Login Smoke Tests-3] INFO  testCases.TC002_LoginTest - ********* Starting TC_002_LoginTest With Test Data *********
2026-07-02 19:05:51.498 [TestNG-test-Login Smoke Tests-2] INFO  Driver.DriverFactory - Closing Browser
2026-07-02 19:05:51.436 [TestNG-test-Login Smoke Tests-3] ERROR testCases.TC002_LoginTest - Exception occurred during DDT execution
org.openqa.selenium.StaleElementReferenceException: stale element reference: stale element not found
  (Session info: chrome=150.0.7871.47)
For documentation on this error, please visit: https://www.selenium.dev/documentation/webdriver/troubleshooting/errors#staleelementreferenceexception
Build info: version: '4.41.0', revision: '9fc754f'
System info: os.name: 'Windows 11', os.arch: 'amd64', os.version: '10.0', java.version: '24'
Driver info: org.openqa.selenium.chrome.ChromeDriver
Command: [4a5c2cc3398e71d107b222ee6c5efa42, clickElement {id=f.A1EA053B092C7A96B2565078DA4D922E.d.BDD7169C1F977E2E98BEBAA8E5DF4E5F.e.51}]
Capabilities {acceptInsecureCerts: false, browserName: chrome, browserVersion: 150.0.7871.47, chrome: {chromedriverVersion: 150.0.7871.46 (5b586c06e0d2..., userDataDir: C:\Users\Tushar\AppData\Loc...}, fedcm:accounts: true, goog:chromeOptions: {debuggerAddress: localhost:60369}, goog:processID: 5388, networkConnectionEnabled: false, pageLoadStrategy: normal, platformName: windows, proxy: Proxy(), se:cdp: ws://localhost:60369/devtoo..., se:cdpVersion: 150.0.7871.47, setWindowRect: true, strictFileInteractability: false, timeouts: {implicit: 0, pageLoad: 300000, script: 30000}, unhandledPromptBehavior: dismiss and notify, webauthn:extension:credBlob: true, webauthn:extension:largeBlob: true, webauthn:extension:minPinLength: true, webauthn:extension:prf: true, webauthn:virtualAuthenticators: true}
Element: [[ChromeDriver: chrome on windows (4a5c2cc3398e71d107b222ee6c5efa42)] -> xpath: //a[normalize-space()='Login']]
Session ID: 4a5c2cc3398e71d107b222ee6c5efa42
	at org.openqa.selenium.remote.ErrorCodec.decode(ErrorCodec.java:169) ~[selenium-remote-driver-4.41.0.jar:?]
	at org.openqa.selenium.remote.codec.w3c.W3CHttpResponseCodec.decode(W3CHttpResponseCodec.java:142) ~[selenium-remote-driver-4.41.0.jar:?]
	at org.openqa.selenium.remote.codec.w3c.W3CHttpResponseCodec.decode(W3CHttpResponseCodec.java:49) ~[selenium-remote-driver-4.41.0.jar:?]
	at org.openqa.selenium.remote.HttpCommandExecutor.execute(HttpCommandExecutor.java:223) ~[selenium-remote-driver-4.41.0.jar:?]
	at org.openqa.selenium.remote.service.DriverCommandExecutor.invokeExecute(DriverCommandExecutor.java:216) ~[selenium-remote-driver-4.41.0.jar:?]
	at org.openqa.selenium.remote.service.DriverCommandExecutor.execute(DriverCommandExecutor.java:174) ~[selenium-remote-driver-4.41.0.jar:?]
	at org.openqa.selenium.remote.RemoteWebDriver.execute(RemoteWebDriver.java:604) ~[selenium-remote-driver-4.41.0.jar:?]
	at org.openqa.selenium.remote.RemoteWebElement.execute(RemoteWebElement.java:223) ~[selenium-remote-driver-4.41.0.jar:?]
	at org.openqa.selenium.remote.RemoteWebElement.click(RemoteWebElement.java:76) ~[selenium-remote-driver-4.41.0.jar:?]
	at Actions.ElementActions.click(ElementActions.java:35) ~[classes/:?]
	at Components.HeaderComponent.navigateToLoginPage(HeaderComponent.java:37) ~[classes/:?]
	at testCases.TC002_LoginTest.verifyLoginDDT(TC002_LoginTest.java:79) [test-classes/:?]
	at java.base/jdk.internal.reflect.DirectMethodHandleAccessor.invoke(DirectMethodHandleAccessor.java:104) ~[?:?]
	at java.base/java.lang.reflect.Method.invoke(Method.java:565) ~[?:?]
	at org.testng.internal.invokers.MethodInvocationHelper.invokeMethod(MethodInvocationHelper.java:141) [testng-7.12.0.jar:7.12.0]
	at org.testng.internal.invokers.TestInvoker.invokeMethod(TestInvoker.java:697) [testng-7.12.0.jar:7.12.0]
	at org.testng.internal.invokers.TestInvoker.invokeTestMethod(TestInvoker.java:230) [testng-7.12.0.jar:7.12.0]
	at org.testng.internal.invokers.MethodRunner.runInSequence(MethodRunner.java:63) [testng-7.12.0.jar:7.12.0]
	at org.testng.internal.invokers.TestInvoker$MethodInvocationAgent.invoke(TestInvoker.java:1005) [testng-7.12.0.jar:7.12.0]
	at org.testng.internal.invokers.TestInvoker.invokeTestMethods(TestInvoker.java:203) [testng-7.12.0.jar:7.12.0]
	at org.testng.internal.invokers.TestMethodWorker.invokeTestMethods(TestMethodWorker.java:154) [testng-7.12.0.jar:7.12.0]
	at org.testng.internal.invokers.TestMethodWorker.run(TestMethodWorker.java:134) [testng-7.12.0.jar:7.12.0]
	at java.base/java.util.concurrent.Executors$RunnableAdapter.call(Executors.java:545) [?:?]
	at java.base/java.util.concurrent.FutureTask.run$$$capture(FutureTask.java:328) [?:?]
	at java.base/java.util.concurrent.FutureTask.run(FutureTask.java) [?:?]
	at org.testng.internal.thread.graph.TestNGFutureTask.run(TestNGFutureTask.java:22) [testng-7.12.0.jar:7.12.0]
	at java.base/java.util.concurrent.ThreadPoolExecutor.runWorker(ThreadPoolExecutor.java:1095) [?:?]
	at java.base/java.util.concurrent.ThreadPoolExecutor$Worker.run(ThreadPoolExecutor.java:619) [?:?]
	at java.base/java.lang.Thread.run(Thread.java:1447) [?:?]
2026-07-02 19:05:51.515 [TestNG-test-Login Smoke Tests-3] INFO  Driver.DriverFactory - Closing Browser
2026-07-02 19:05:56.699 [TestNG-test-Login Smoke Tests-1] INFO  Driver.DriverFactory - Closing Browser
2026-07-02 19:06:00.189 [TestNG-test-Login Smoke Tests-3] INFO  testCases.TC002_LoginTest - ********* Starting TC_002_LoginTest With Test Data *********
2026-07-02 19:06:01.846 [TestNG-test-Login Smoke Tests-3] INFO  testCases.TC002_LoginTest - navigate to login
2026-07-02 19:06:02.476 [TestNG-test-Login Smoke Tests-3] INFO  testCases.TC002_LoginTest - Entered Username: tusharpotdar99@gmail.com
2026-07-02 19:06:02.476 [TestNG-test-Login Smoke Tests-3] INFO  testCases.TC002_LoginTest - Clicked Login button
2026-07-02 19:06:03.082 [TestNG-test-Login Smoke Tests-3] INFO  testCases.TC002_LoginTest - Invalid login verified successfully.
2026-07-02 19:06:03.083 [TestNG-test-Login Smoke Tests-3] INFO  testCases.TC002_LoginTest - ********* Finished TC_003_LoginTest_DDT *********
2026-07-02 19:06:03.086 [TestNG-test-Login Smoke Tests-3] INFO  Driver.DriverFactory - Closing Browser
2026-07-02 19:06:05.507 [TestNG-test-Login Smoke Tests-3] INFO  testCases.TC002_LoginTest - ********* Starting TC_002_LoginTest With Test Data *********
2026-07-02 19:06:06.276 [TestNG-test-Login Smoke Tests-3] INFO  testCases.TC002_LoginTest - navigate to login
2026-07-02 19:06:06.761 [TestNG-test-Login Smoke Tests-3] INFO  testCases.TC002_LoginTest - Entered Username: tusharpotdar@gmail.com
2026-07-02 19:06:06.761 [TestNG-test-Login Smoke Tests-3] INFO  testCases.TC002_LoginTest - Clicked Login button
2026-07-02 19:06:07.355 [TestNG-test-Login Smoke Tests-3] INFO  testCases.TC002_LoginTest - Invalid login verified successfully.
2026-07-02 19:06:07.355 [TestNG-test-Login Smoke Tests-3] INFO  testCases.TC002_LoginTest - ********* Finished TC_003_LoginTest_DDT *********
2026-07-02 19:06:07.358 [TestNG-test-Login Smoke Tests-3] INFO  Driver.DriverFactory - Closing Browser
2026-07-02 19:06:10.467 [TestNG-test-Login Smoke Tests-3] INFO  testCases.TC002_LoginTest - ********* Starting TC_002_LoginTest With Test Data *********
2026-07-02 19:06:11.181 [TestNG-test-Login Smoke Tests-3] INFO  testCases.TC002_LoginTest - navigate to login
2026-07-02 19:06:11.736 [TestNG-test-Login Smoke Tests-3] INFO  testCases.TC002_LoginTest - Entered Username: tusharpotdar@gmail.com
2026-07-02 19:06:11.736 [TestNG-test-Login Smoke Tests-3] INFO  testCases.TC002_LoginTest - Clicked Login button
2026-07-02 19:06:12.324 [TestNG-test-Login Smoke Tests-3] INFO  testCases.TC002_LoginTest - Invalid login verified successfully.
2026-07-02 19:06:12.325 [TestNG-test-Login Smoke Tests-3] INFO  testCases.TC002_LoginTest - ********* Finished TC_003_LoginTest_DDT *********
2026-07-02 19:06:12.327 [TestNG-test-Login Smoke Tests-3] INFO  Driver.DriverFactory - Closing Browser
2026-07-02 19:19:22.992 [main] INFO  testCases.TC001_RegistrationTest - ********* Starting TC_001_RegistrationTest With Valid Credential *********
2026-07-02 19:19:23.506 [main] INFO  testCases.TC001_RegistrationTest - Clicked My Account
2026-07-02 19:19:24.548 [main] INFO  testCases.TC001_RegistrationTest - Clicked Register
2026-07-02 19:19:27.071 [main] INFO  testCases.TC001_RegistrationTest - Registration form submitted
2026-07-02 19:19:28.646 [main] INFO  testCases.TC001_RegistrationTest - Registration completed successfully.
2026-07-02 19:19:28.648 [main] INFO  testCases.TC001_RegistrationTest - ********** Registration Test Finished **********
2026-07-02 19:19:28.664 [main] INFO  Driver.DriverFactory - Closing Browser
2026-07-02 19:19:31.158 [main] INFO  testCases.TC002_LoginTest - ********* Starting TC_002_LoginTest With Valid Credential *********
2026-07-02 19:19:31.159 [main] INFO  testCases.TC002_LoginTest - navigate to login
2026-07-02 19:19:32.666 [main] INFO  testCases.TC002_LoginTest - Passed Username and Password and Clicked Login
2026-07-02 19:19:33.443 [main] INFO  testCases.TC002_LoginTest - TEST PASSED
2026-07-02 19:19:33.445 [main] INFO  testCases.TC002_LoginTest - ********* Finished TC_002_LoginTest With Valid Credential  *********
2026-07-02 19:19:33.450 [main] INFO  Driver.DriverFactory - Closing Browser
2026-07-02 19:19:35.709 [main] INFO  testCases.TC002_LoginTest - ********* Starting TC_002_LoginTest with Invalid credentials *********
2026-07-02 19:19:36.668 [main] INFO  testCases.TC002_LoginTest - navigate to login
2026-07-02 19:19:37.201 [main] INFO  testCases.TC002_LoginTest - Passed Invalid Username and Password and Clicked Login
2026-07-02 19:19:37.767 [main] INFO  testCases.TC002_LoginTest - TEST PASSED
2026-07-02 19:19:37.768 [main] INFO  testCases.TC002_LoginTest - ********* Finished TC_002_LoginTest with invalid credentials*********
2026-07-02 19:19:37.773 [main] INFO  Driver.DriverFactory - Closing Browser
2026-07-02 19:19:40.056 [main] INFO  testCases.TC002_LoginTest - ********* Starting TC_002_LoginTest With Test Data *********
2026-07-02 19:19:40.865 [main] INFO  testCases.TC002_LoginTest - navigate to login
2026-07-02 19:19:41.370 [main] INFO  testCases.TC002_LoginTest - Entered Username: tusharpotdar99@gmail.com
2026-07-02 19:19:41.371 [main] INFO  testCases.TC002_LoginTest - Clicked Login button
2026-07-02 19:19:42.236 [main] INFO  testCases.TC002_LoginTest - Login successful as expected.
2026-07-02 19:19:42.238 [main] INFO  testCases.TC002_LoginTest - ********* Finished TC_003_LoginTest_DDT *********
2026-07-02 19:19:42.246 [main] INFO  Driver.DriverFactory - Closing Browser
2026-07-02 19:19:44.439 [main] INFO  testCases.TC002_LoginTest - ********* Starting TC_002_LoginTest With Test Data *********
2026-07-02 19:19:45.380 [main] INFO  testCases.TC002_LoginTest - navigate to login
2026-07-02 19:19:46.111 [main] INFO  testCases.TC002_LoginTest - Entered Username: tusharpotdar99@gmail.com
2026-07-02 19:19:46.112 [main] INFO  testCases.TC002_LoginTest - Clicked Login button
2026-07-02 19:19:46.698 [main] INFO  testCases.TC002_LoginTest - Invalid login verified successfully.
2026-07-02 19:19:46.699 [main] INFO  testCases.TC002_LoginTest - ********* Finished TC_003_LoginTest_DDT *********
2026-07-02 19:19:46.703 [main] INFO  Driver.DriverFactory - Closing Browser
2026-07-02 19:19:48.869 [main] INFO  testCases.TC002_LoginTest - ********* Starting TC_002_LoginTest With Test Data *********
2026-07-02 19:19:49.793 [main] INFO  testCases.TC002_LoginTest - navigate to login
2026-07-02 19:19:50.440 [main] INFO  testCases.TC002_LoginTest - Entered Username: tusharpotdar@gmail.com
2026-07-02 19:19:50.441 [main] INFO  testCases.TC002_LoginTest - Clicked Login button
2026-07-02 19:19:51.124 [main] INFO  testCases.TC002_LoginTest - Invalid login verified successfully.
2026-07-02 19:19:51.125 [main] INFO  testCases.TC002_LoginTest - ********* Finished TC_003_LoginTest_DDT *********
2026-07-02 19:19:51.129 [main] INFO  Driver.DriverFactory - Closing Browser
2026-07-02 19:19:53.777 [main] INFO  testCases.TC002_LoginTest - ********* Starting TC_002_LoginTest With Test Data *********
2026-07-02 19:19:54.542 [main] INFO  testCases.TC002_LoginTest - navigate to login
2026-07-02 19:19:55.026 [main] INFO  testCases.TC002_LoginTest - Entered Username: tusharpotdar@gmail.com
2026-07-02 19:19:55.026 [main] INFO  testCases.TC002_LoginTest - Clicked Login button
2026-07-02 19:19:55.595 [main] INFO  testCases.TC002_LoginTest - Invalid login verified successfully.
2026-07-02 19:19:55.596 [main] INFO  testCases.TC002_LoginTest - ********* Finished TC_003_LoginTest_DDT *********
2026-07-02 19:19:55.601 [main] INFO  Driver.DriverFactory - Closing Browser
2026-07-02 19:20:05.586 [TestNG-test-Login Smoke Tests-2] INFO  testCases.TC002_LoginTest - ********* Starting TC_002_LoginTest with Invalid credentials *********
2026-07-02 19:20:05.948 [TestNG-test-Login Smoke Tests-1] INFO  testCases.TC002_LoginTest - ********* Starting TC_002_LoginTest With Valid Credential *********
2026-07-02 19:20:05.950 [TestNG-test-Login Smoke Tests-1] INFO  testCases.TC002_LoginTest - navigate to login
2026-07-02 19:20:06.058 [TestNG-test-Login Smoke Tests-3] INFO  testCases.TC002_LoginTest - ********* Starting TC_002_LoginTest With Test Data *********
2026-07-02 19:20:07.425 [TestNG-test-Login Smoke Tests-2] INFO  testCases.TC002_LoginTest - navigate to login
2026-07-02 19:20:07.442 [TestNG-test-Login Smoke Tests-3] ERROR testCases.TC002_LoginTest - Exception occurred during DDT execution
org.openqa.selenium.StaleElementReferenceException: stale element reference: stale element not found
  (Session info: chrome=150.0.7871.47)
For documentation on this error, please visit: https://www.selenium.dev/documentation/webdriver/troubleshooting/errors#staleelementreferenceexception
Build info: version: '4.41.0', revision: '9fc754f'
System info: os.name: 'Windows 11', os.arch: 'amd64', os.version: '10.0', java.version: '24'
Driver info: org.openqa.selenium.chrome.ChromeDriver
Command: [61613cf1951bc0ab7dc59e47d210d7d7, clickElement {id=f.A79A38AF4D79E0C3B3746B365FB9776B.d.0A26F7B490B71F8353DA2851B317AE25.e.53}]
Capabilities {acceptInsecureCerts: false, browserName: chrome, browserVersion: 150.0.7871.47, chrome: {chromedriverVersion: 150.0.7871.46 (5b586c06e0d2..., userDataDir: C:\Users\Tushar\AppData\Loc...}, fedcm:accounts: true, goog:chromeOptions: {debuggerAddress: localhost:53562}, goog:processID: 13508, networkConnectionEnabled: false, pageLoadStrategy: normal, platformName: windows, proxy: Proxy(), se:cdp: ws://localhost:53562/devtoo..., se:cdpVersion: 150.0.7871.47, setWindowRect: true, strictFileInteractability: false, timeouts: {implicit: 0, pageLoad: 300000, script: 30000}, unhandledPromptBehavior: dismiss and notify, webauthn:extension:credBlob: true, webauthn:extension:largeBlob: true, webauthn:extension:minPinLength: true, webauthn:extension:prf: true, webauthn:virtualAuthenticators: true}
Element: [[ChromeDriver: chrome on windows (61613cf1951bc0ab7dc59e47d210d7d7)] -> xpath: //a[normalize-space()='Login']]
Session ID: 61613cf1951bc0ab7dc59e47d210d7d7
	at org.openqa.selenium.remote.ErrorCodec.decode(ErrorCodec.java:169) ~[selenium-remote-driver-4.41.0.jar:?]
	at org.openqa.selenium.remote.codec.w3c.W3CHttpResponseCodec.decode(W3CHttpResponseCodec.java:142) ~[selenium-remote-driver-4.41.0.jar:?]
	at org.openqa.selenium.remote.codec.w3c.W3CHttpResponseCodec.decode(W3CHttpResponseCodec.java:49) ~[selenium-remote-driver-4.41.0.jar:?]
	at org.openqa.selenium.remote.HttpCommandExecutor.execute(HttpCommandExecutor.java:223) ~[selenium-remote-driver-4.41.0.jar:?]
	at org.openqa.selenium.remote.service.DriverCommandExecutor.invokeExecute(DriverCommandExecutor.java:216) ~[selenium-remote-driver-4.41.0.jar:?]
	at org.openqa.selenium.remote.service.DriverCommandExecutor.execute(DriverCommandExecutor.java:174) ~[selenium-remote-driver-4.41.0.jar:?]
	at org.openqa.selenium.remote.RemoteWebDriver.execute(RemoteWebDriver.java:604) ~[selenium-remote-driver-4.41.0.jar:?]
	at org.openqa.selenium.remote.RemoteWebElement.execute(RemoteWebElement.java:223) ~[selenium-remote-driver-4.41.0.jar:?]
	at org.openqa.selenium.remote.RemoteWebElement.click(RemoteWebElement.java:76) ~[selenium-remote-driver-4.41.0.jar:?]
	at Actions.ElementActions.click(ElementActions.java:35) ~[classes/:?]
	at Components.HeaderComponent.navigateToLoginPage(HeaderComponent.java:37) ~[classes/:?]
	at testCases.TC002_LoginTest.verifyLoginDDT(TC002_LoginTest.java:79) [test-classes/:?]
	at java.base/jdk.internal.reflect.DirectMethodHandleAccessor.invoke(DirectMethodHandleAccessor.java:104) ~[?:?]
	at java.base/java.lang.reflect.Method.invoke(Method.java:565) ~[?:?]
	at org.testng.internal.invokers.MethodInvocationHelper.invokeMethod(MethodInvocationHelper.java:141) [testng-7.12.0.jar:7.12.0]
	at org.testng.internal.invokers.TestInvoker.invokeMethod(TestInvoker.java:697) [testng-7.12.0.jar:7.12.0]
	at org.testng.internal.invokers.TestInvoker.invokeTestMethod(TestInvoker.java:230) [testng-7.12.0.jar:7.12.0]
	at org.testng.internal.invokers.MethodRunner.runInSequence(MethodRunner.java:63) [testng-7.12.0.jar:7.12.0]
	at org.testng.internal.invokers.TestInvoker$MethodInvocationAgent.invoke(TestInvoker.java:1005) [testng-7.12.0.jar:7.12.0]
	at org.testng.internal.invokers.TestInvoker.invokeTestMethods(TestInvoker.java:203) [testng-7.12.0.jar:7.12.0]
	at org.testng.internal.invokers.TestMethodWorker.invokeTestMethods(TestMethodWorker.java:154) [testng-7.12.0.jar:7.12.0]
	at org.testng.internal.invokers.TestMethodWorker.run(TestMethodWorker.java:134) [testng-7.12.0.jar:7.12.0]
	at java.base/java.util.concurrent.Executors$RunnableAdapter.call(Executors.java:545) [?:?]
	at java.base/java.util.concurrent.FutureTask.run$$$capture(FutureTask.java:328) [?:?]
	at java.base/java.util.concurrent.FutureTask.run(FutureTask.java) [?:?]
	at org.testng.internal.thread.graph.TestNGFutureTask.run(TestNGFutureTask.java:22) [testng-7.12.0.jar:7.12.0]
	at java.base/java.util.concurrent.ThreadPoolExecutor.runWorker(ThreadPoolExecutor.java:1095) [?:?]
	at java.base/java.util.concurrent.ThreadPoolExecutor$Worker.run(ThreadPoolExecutor.java:619) [?:?]
	at java.base/java.lang.Thread.run(Thread.java:1447) [?:?]
2026-07-02 19:20:07.511 [TestNG-test-Login Smoke Tests-3] INFO  Driver.DriverFactory - Closing Browser
2026-07-02 19:20:07.536 [TestNG-test-Login Smoke Tests-1] INFO  Driver.DriverFactory - Closing Browser
2026-07-02 19:20:08.773 [TestNG-test-Login Smoke Tests-2] INFO  Driver.DriverFactory - Closing Browser
2026-07-02 19:20:11.030 [TestNG-test-Login Smoke Tests-3] INFO  testCases.TC002_LoginTest - ********* Starting TC_002_LoginTest With Test Data *********
2026-07-02 19:20:11.829 [TestNG-test-Login Smoke Tests-3] INFO  testCases.TC002_LoginTest - navigate to login
2026-07-02 19:20:12.334 [TestNG-test-Login Smoke Tests-3] INFO  testCases.TC002_LoginTest - Entered Username: tusharpotdar99@gmail.com
2026-07-02 19:20:12.335 [TestNG-test-Login Smoke Tests-3] INFO  testCases.TC002_LoginTest - Clicked Login button
2026-07-02 19:20:12.960 [TestNG-test-Login Smoke Tests-3] INFO  testCases.TC002_LoginTest - Invalid login verified successfully.
2026-07-02 19:20:12.960 [TestNG-test-Login Smoke Tests-3] INFO  testCases.TC002_LoginTest - ********* Finished TC_003_LoginTest_DDT *********
2026-07-02 19:20:12.963 [TestNG-test-Login Smoke Tests-3] INFO  Driver.DriverFactory - Closing Browser
2026-07-02 19:20:15.130 [TestNG-test-Login Smoke Tests-3] INFO  testCases.TC002_LoginTest - ********* Starting TC_002_LoginTest With Test Data *********
2026-07-02 19:20:15.890 [TestNG-test-Login Smoke Tests-3] INFO  testCases.TC002_LoginTest - navigate to login
2026-07-02 19:20:16.325 [TestNG-test-Login Smoke Tests-3] INFO  testCases.TC002_LoginTest - Entered Username: tusharpotdar@gmail.com
2026-07-02 19:20:16.325 [TestNG-test-Login Smoke Tests-3] INFO  testCases.TC002_LoginTest - Clicked Login button
2026-07-02 19:20:16.936 [TestNG-test-Login Smoke Tests-3] INFO  testCases.TC002_LoginTest - Invalid login verified successfully.
2026-07-02 19:20:16.937 [TestNG-test-Login Smoke Tests-3] INFO  testCases.TC002_LoginTest - ********* Finished TC_003_LoginTest_DDT *********
2026-07-02 19:20:16.939 [TestNG-test-Login Smoke Tests-3] INFO  Driver.DriverFactory - Closing Browser
2026-07-02 19:20:19.398 [TestNG-test-Login Smoke Tests-3] INFO  testCases.TC002_LoginTest - ********* Starting TC_002_LoginTest With Test Data *********
2026-07-02 19:20:20.377 [TestNG-test-Login Smoke Tests-3] INFO  testCases.TC002_LoginTest - navigate to login
2026-07-02 19:20:20.923 [TestNG-test-Login Smoke Tests-3] INFO  testCases.TC002_LoginTest - Entered Username: tusharpotdar@gmail.com
2026-07-02 19:20:20.923 [TestNG-test-Login Smoke Tests-3] INFO  testCases.TC002_LoginTest - Clicked Login button
2026-07-02 19:20:21.494 [TestNG-test-Login Smoke Tests-3] INFO  testCases.TC002_LoginTest - Invalid login verified successfully.
2026-07-02 19:20:21.494 [TestNG-test-Login Smoke Tests-3] INFO  testCases.TC002_LoginTest - ********* Finished TC_003_LoginTest_DDT *********
2026-07-02 19:20:21.498 [TestNG-test-Login Smoke Tests-3] INFO  Driver.DriverFactory - Closing Browser
2026-07-02 22:36:07.735 [main] INFO  testCases.TC001_RegistrationTest - ********* Starting TC_001_RegistrationTest With Valid Credential *********
2026-07-02 22:36:09.112 [main] INFO  testCases.TC001_RegistrationTest - Clicked My Account
2026-07-02 22:36:10.490 [main] INFO  testCases.TC001_RegistrationTest - Clicked Register
2026-07-02 22:36:13.915 [main] INFO  testCases.TC001_RegistrationTest - Registration form submitted
2026-07-02 22:36:17.225 [main] INFO  testCases.TC001_RegistrationTest - Registration completed successfully.
2026-07-02 22:36:17.226 [main] INFO  testCases.TC001_RegistrationTest - ********** Registration Test Finished **********
2026-07-02 22:36:17.239 [main] INFO  Driver.DriverFactory - Closing Browser
2026-07-02 22:36:21.567 [main] INFO  testCases.TC002_LoginTest - ********* Starting TC_002_LoginTest With Valid Credential *********
2026-07-02 22:36:21.569 [main] INFO  testCases.TC002_LoginTest - navigate to login
2026-07-02 22:36:28.851 [main] INFO  testCases.TC002_LoginTest - Passed Username and Password and Clicked Login
2026-07-02 22:36:31.603 [main] INFO  testCases.TC001_RegistrationTest - ********* Starting TC_001_RegistrationTest With Valid Credential *********
2026-07-02 22:36:31.664 [main] INFO  testCases.TC002_LoginTest - TEST PASSED
2026-07-02 22:36:31.665 [main] INFO  testCases.TC002_LoginTest - ********* Finished TC_002_LoginTest With Valid Credential  *********
2026-07-02 22:36:31.671 [main] INFO  Driver.DriverFactory - Closing Browser
2026-07-02 22:36:31.971 [main] INFO  testCases.TC001_RegistrationTest - Clicked My Account
2026-07-02 22:36:32.670 [main] INFO  testCases.TC001_RegistrationTest - Clicked Register
2026-07-02 22:36:35.947 [main] INFO  testCases.TC001_RegistrationTest - Registration form submitted
2026-07-02 22:36:36.679 [main] INFO  testCases.TC002_LoginTest - ********* Starting TC_002_LoginTest with Invalid credentials *********
2026-07-02 22:36:37.805 [main] INFO  testCases.TC001_RegistrationTest - Registration completed successfully.
2026-07-02 22:36:37.806 [main] INFO  testCases.TC001_RegistrationTest - ********** Registration Test Finished **********
2026-07-02 22:36:37.814 [main] INFO  Driver.DriverFactory - Closing Browser
2026-07-02 22:36:37.980 [main] INFO  testCases.TC002_LoginTest - navigate to login
2026-07-02 22:36:38.556 [main] INFO  testCases.TC002_LoginTest - Passed Invalid Username and Password and Clicked Login
2026-07-02 22:36:39.128 [main] INFO  testCases.TC002_LoginTest - TEST PASSED
2026-07-02 22:36:39.129 [main] INFO  testCases.TC002_LoginTest - ********* Finished TC_002_LoginTest with invalid credentials*********
2026-07-02 22:36:39.135 [main] INFO  Driver.DriverFactory - Closing Browser
2026-07-02 22:36:44.722 [main] INFO  testCases.TC002_LoginTest - ********* Starting TC_002_LoginTest With Test Data *********
2026-07-02 22:36:44.725 [main] INFO  testCases.TC002_LoginTest - ********* Starting TC_002_LoginTest With Valid Credential *********
2026-07-02 22:36:44.726 [main] INFO  testCases.TC002_LoginTest - navigate to login
2026-07-02 22:36:45.737 [main] INFO  testCases.TC002_LoginTest - navigate to login
2026-07-02 22:36:46.669 [main] INFO  testCases.TC002_LoginTest - Entered Username: tusharpotdar99@gmail.com
2026-07-02 22:36:46.669 [main] INFO  testCases.TC002_LoginTest - Clicked Login button
2026-07-02 22:36:47.569 [main] INFO  testCases.TC002_LoginTest - Passed Username and Password and Clicked Login
2026-07-02 22:36:47.786 [main] INFO  testCases.TC002_LoginTest - Login successful as expected.
2026-07-02 22:36:47.787 [main] INFO  testCases.TC002_LoginTest - ********* Finished TC_003_LoginTest_DDT *********
2026-07-02 22:36:47.790 [main] INFO  Driver.DriverFactory - Closing Browser
2026-07-02 22:36:48.490 [main] INFO  testCases.TC002_LoginTest - TEST PASSED
2026-07-02 22:36:48.491 [main] INFO  testCases.TC002_LoginTest - ********* Finished TC_002_LoginTest With Valid Credential  *********
2026-07-02 22:36:48.498 [main] INFO  Driver.DriverFactory - Closing Browser
2026-07-02 22:36:52.361 [main] INFO  testCases.TC002_LoginTest - ********* Starting TC_002_LoginTest With Test Data *********
2026-07-02 22:36:53.200 [main] INFO  testCases.TC002_LoginTest - ********* Starting TC_002_LoginTest with Invalid credentials *********
2026-07-02 22:36:53.525 [main] INFO  testCases.TC002_LoginTest - navigate to login
2026-07-02 22:36:54.088 [main] INFO  testCases.TC002_LoginTest - navigate to login
2026-07-02 22:36:54.284 [main] INFO  testCases.TC002_LoginTest - Entered Username: tusharpotdar99@gmail.com
2026-07-02 22:36:54.286 [main] INFO  testCases.TC002_LoginTest - Clicked Login button
2026-07-02 22:36:54.715 [main] INFO  testCases.TC002_LoginTest - Passed Invalid Username and Password and Clicked Login
2026-07-02 22:36:55.012 [main] INFO  testCases.TC002_LoginTest - Invalid login verified successfully.
2026-07-02 22:36:55.013 [main] INFO  testCases.TC002_LoginTest - ********* Finished TC_003_LoginTest_DDT *********
2026-07-02 22:36:55.015 [main] INFO  Driver.DriverFactory - Closing Browser
2026-07-02 22:36:55.328 [main] INFO  testCases.TC002_LoginTest - TEST PASSED
2026-07-02 22:36:55.329 [main] INFO  testCases.TC002_LoginTest - ********* Finished TC_002_LoginTest with invalid credentials*********
2026-07-02 22:36:55.333 [main] INFO  Driver.DriverFactory - Closing Browser
2026-07-02 22:36:58.688 [main] INFO  testCases.TC002_LoginTest - ********* Starting TC_002_LoginTest With Test Data *********
2026-07-02 22:36:59.406 [main] INFO  testCases.TC002_LoginTest - ********* Starting TC_002_LoginTest With Test Data *********
2026-07-02 22:36:59.958 [main] INFO  testCases.TC002_LoginTest - navigate to login
2026-07-02 22:37:00.517 [main] INFO  testCases.TC002_LoginTest - navigate to login
2026-07-02 22:37:01.162 [main] INFO  testCases.TC002_LoginTest - Entered Username: tusharpotdar@gmail.com
2026-07-02 22:37:01.169 [main] INFO  testCases.TC002_LoginTest - Clicked Login button
2026-07-02 22:37:01.321 [main] INFO  testCases.TC002_LoginTest - Entered Username: tusharpotdar99@gmail.com
2026-07-02 22:37:01.321 [main] INFO  testCases.TC002_LoginTest - Clicked Login button
2026-07-02 22:37:01.820 [main] INFO  testCases.TC002_LoginTest - Invalid login verified successfully.
2026-07-02 22:37:01.821 [main] INFO  testCases.TC002_LoginTest - ********* Finished TC_003_LoginTest_DDT *********
2026-07-02 22:37:01.826 [main] INFO  Driver.DriverFactory - Closing Browser
2026-07-02 22:37:02.152 [main] INFO  testCases.TC002_LoginTest - Login successful as expected.
2026-07-02 22:37:02.153 [main] INFO  testCases.TC002_LoginTest - ********* Finished TC_003_LoginTest_DDT *********
2026-07-02 22:37:02.155 [main] INFO  Driver.DriverFactory - Closing Browser
2026-07-02 22:37:05.903 [main] INFO  testCases.TC002_LoginTest - ********* Starting TC_002_LoginTest With Test Data *********
2026-07-02 22:37:06.003 [main] INFO  testCases.TC002_LoginTest - ********* Starting TC_002_LoginTest With Test Data *********
2026-07-02 22:37:06.885 [main] INFO  testCases.TC002_LoginTest - navigate to login
2026-07-02 22:37:07.032 [main] INFO  testCases.TC002_LoginTest - navigate to login
2026-07-02 22:37:07.620 [main] INFO  testCases.TC002_LoginTest - Entered Username: tusharpotdar@gmail.com
2026-07-02 22:37:07.620 [main] INFO  testCases.TC002_LoginTest - Clicked Login button
2026-07-02 22:37:07.839 [main] INFO  testCases.TC002_LoginTest - Entered Username: tusharpotdar99@gmail.com
2026-07-02 22:37:07.842 [main] INFO  testCases.TC002_LoginTest - Clicked Login button
2026-07-02 22:37:08.182 [main] INFO  testCases.TC002_LoginTest - Invalid login verified successfully.
2026-07-02 22:37:08.182 [main] INFO  testCases.TC002_LoginTest - ********* Finished TC_003_LoginTest_DDT *********
2026-07-02 22:37:08.185 [main] INFO  Driver.DriverFactory - Closing Browser
2026-07-02 22:37:08.414 [main] INFO  testCases.TC002_LoginTest - Invalid login verified successfully.
2026-07-02 22:37:08.414 [main] INFO  testCases.TC002_LoginTest - ********* Finished TC_003_LoginTest_DDT *********
2026-07-02 22:37:08.417 [main] INFO  Driver.DriverFactory - Closing Browser
2026-07-02 22:37:12.258 [main] INFO  testCases.TC002_LoginTest - ********* Starting TC_002_LoginTest With Test Data *********
2026-07-02 22:37:13.482 [main] INFO  testCases.TC002_LoginTest - navigate to login
2026-07-02 22:37:14.143 [main] INFO  testCases.TC002_LoginTest - Entered Username: tusharpotdar@gmail.com
2026-07-02 22:37:14.144 [main] INFO  testCases.TC002_LoginTest - Clicked Login button
2026-07-02 22:37:14.743 [main] INFO  testCases.TC002_LoginTest - Invalid login verified successfully.
2026-07-02 22:37:14.744 [main] INFO  testCases.TC002_LoginTest - ********* Finished TC_003_LoginTest_DDT *********
2026-07-02 22:37:14.747 [main] INFO  Driver.DriverFactory - Closing Browser
2026-07-02 22:37:20.426 [main] INFO  testCases.TC002_LoginTest - ********* Starting TC_002_LoginTest With Test Data *********
2026-07-02 22:37:20.230 [main] INFO  testCases.TC002_LoginTest - ********* Starting TC_002_LoginTest With Valid Credential *********
2026-07-02 22:37:20.575 [main] INFO  testCases.TC002_LoginTest - navigate to login
2026-07-02 22:37:22.607 [main] INFO  testCases.TC002_LoginTest - navigate to login
2026-07-02 22:37:22.838 [main] INFO  testCases.TC002_LoginTest - Passed Username and Password and Clicked Login
2026-07-02 22:37:23.511 [main] INFO  testCases.TC002_LoginTest - Entered Username: tusharpotdar@gmail.com
2026-07-02 22:37:23.512 [main] INFO  testCases.TC002_LoginTest - Clicked Login button
2026-07-02 22:37:23.817 [main] INFO  testCases.TC002_LoginTest - TEST PASSED
2026-07-02 22:37:23.817 [main] INFO  testCases.TC002_LoginTest - ********* Finished TC_002_LoginTest With Valid Credential  *********
2026-07-02 22:37:23.821 [main] INFO  Driver.DriverFactory - Closing Browser
2026-07-02 22:37:24.101 [main] INFO  testCases.TC002_LoginTest - Invalid login verified successfully.
2026-07-02 22:37:24.102 [main] INFO  testCases.TC002_LoginTest - ********* Finished TC_003_LoginTest_DDT *********
2026-07-02 22:37:24.104 [main] INFO  Driver.DriverFactory - Closing Browser
2026-07-02 22:37:31.305 [main] INFO  testCases.TC002_LoginTest - ********* Starting TC_002_LoginTest with Invalid credentials *********
2026-07-02 22:37:33.725 [main] INFO  testCases.TC002_LoginTest - navigate to login
2026-07-02 22:37:35.128 [main] INFO  testCases.TC002_LoginTest - Passed Invalid Username and Password and Clicked Login
2026-07-02 22:37:35.872 [main] INFO  testCases.TC002_LoginTest - TEST PASSED
2026-07-02 22:37:35.873 [main] INFO  testCases.TC002_LoginTest - ********* Finished TC_002_LoginTest with invalid credentials*********
2026-07-02 22:37:35.875 [main] INFO  Driver.DriverFactory - Closing Browser
2026-07-02 22:37:47.614 [TestNG-test-Login Smoke Tests-2] INFO  testCases.TC002_LoginTest - ********* Starting TC_002_LoginTest with Invalid credentials *********
2026-07-02 22:37:47.910 [TestNG-test-Login Smoke Tests-1] INFO  testCases.TC002_LoginTest - ********* Starting TC_002_LoginTest With Valid Credential *********
2026-07-02 22:37:48.345 [TestNG-test-Login Smoke Tests-3] INFO  testCases.TC002_LoginTest - ********* Starting TC_002_LoginTest With Test Data *********
2026-07-02 22:37:48.577 [TestNG-test-Login Smoke Tests-1] INFO  testCases.TC002_LoginTest - navigate to login
2026-07-02 22:37:50.725 [TestNG-test-Login Smoke Tests-3] ERROR testCases.TC002_LoginTest - Exception occurred during DDT execution
org.openqa.selenium.StaleElementReferenceException: stale element reference: stale element not found
  (Session info: chrome=150.0.7871.47)
For documentation on this error, please visit: https://www.selenium.dev/documentation/webdriver/troubleshooting/errors#staleelementreferenceexception
Build info: version: '4.41.0', revision: '9fc754f'
System info: os.name: 'Windows 11', os.arch: 'amd64', os.version: '10.0', java.version: '24'
Driver info: org.openqa.selenium.chrome.ChromeDriver
Command: [5125470b834c3fdbc82960bb255cce13, clickElement {id=f.DAEA69BF7A2A10696A1AEEC6B0A0A533.d.9F8F089972B2DD464A181ED658BB67D9.e.51}]
Capabilities {acceptInsecureCerts: false, browserName: chrome, browserVersion: 150.0.7871.47, chrome: {chromedriverVersion: 150.0.7871.46 (5b586c06e0d2..., userDataDir: C:\Users\Tushar\AppData\Loc...}, fedcm:accounts: true, goog:chromeOptions: {debuggerAddress: localhost:59293}, goog:processID: 11136, networkConnectionEnabled: false, pageLoadStrategy: normal, platformName: windows, proxy: Proxy(), se:cdp: ws://localhost:59293/devtoo..., se:cdpVersion: 150.0.7871.47, setWindowRect: true, strictFileInteractability: false, timeouts: {implicit: 0, pageLoad: 300000, script: 30000}, unhandledPromptBehavior: dismiss and notify, webauthn:extension:credBlob: true, webauthn:extension:largeBlob: true, webauthn:extension:minPinLength: true, webauthn:extension:prf: true, webauthn:virtualAuthenticators: true}
Element: [[ChromeDriver: chrome on windows (5125470b834c3fdbc82960bb255cce13)] -> xpath: //a[normalize-space()='Login']]
Session ID: 5125470b834c3fdbc82960bb255cce13
	at org.openqa.selenium.remote.ErrorCodec.decode(ErrorCodec.java:169) ~[selenium-remote-driver-4.41.0.jar:?]
	at org.openqa.selenium.remote.codec.w3c.W3CHttpResponseCodec.decode(W3CHttpResponseCodec.java:142) ~[selenium-remote-driver-4.41.0.jar:?]
	at org.openqa.selenium.remote.codec.w3c.W3CHttpResponseCodec.decode(W3CHttpResponseCodec.java:49) ~[selenium-remote-driver-4.41.0.jar:?]
	at org.openqa.selenium.remote.HttpCommandExecutor.execute(HttpCommandExecutor.java:223) ~[selenium-remote-driver-4.41.0.jar:?]
	at org.openqa.selenium.remote.service.DriverCommandExecutor.invokeExecute(DriverCommandExecutor.java:216) ~[selenium-remote-driver-4.41.0.jar:?]
	at org.openqa.selenium.remote.service.DriverCommandExecutor.execute(DriverCommandExecutor.java:174) ~[selenium-remote-driver-4.41.0.jar:?]
	at org.openqa.selenium.remote.RemoteWebDriver.execute(RemoteWebDriver.java:604) ~[selenium-remote-driver-4.41.0.jar:?]
	at org.openqa.selenium.remote.RemoteWebElement.execute(RemoteWebElement.java:223) ~[selenium-remote-driver-4.41.0.jar:?]
	at org.openqa.selenium.remote.RemoteWebElement.click(RemoteWebElement.java:76) ~[selenium-remote-driver-4.41.0.jar:?]
	at Actions.ElementActions.click(ElementActions.java:35) ~[classes/:?]
	at Components.HeaderComponent.navigateToLoginPage(HeaderComponent.java:37) ~[classes/:?]
	at testCases.TC002_LoginTest.verifyLoginDDT(TC002_LoginTest.java:79) [test-classes/:?]
	at java.base/jdk.internal.reflect.DirectMethodHandleAccessor.invoke(DirectMethodHandleAccessor.java:104) ~[?:?]
	at java.base/java.lang.reflect.Method.invoke(Method.java:565) ~[?:?]
	at org.testng.internal.invokers.MethodInvocationHelper.invokeMethod(MethodInvocationHelper.java:141) [testng-7.12.0.jar:7.12.0]
	at org.testng.internal.invokers.TestInvoker.invokeMethod(TestInvoker.java:697) [testng-7.12.0.jar:7.12.0]
	at org.testng.internal.invokers.TestInvoker.invokeTestMethod(TestInvoker.java:230) [testng-7.12.0.jar:7.12.0]
	at org.testng.internal.invokers.MethodRunner.runInSequence(MethodRunner.java:63) [testng-7.12.0.jar:7.12.0]
	at org.testng.internal.invokers.TestInvoker$MethodInvocationAgent.invoke(TestInvoker.java:1005) [testng-7.12.0.jar:7.12.0]
	at org.testng.internal.invokers.TestInvoker.invokeTestMethods(TestInvoker.java:203) [testng-7.12.0.jar:7.12.0]
	at org.testng.internal.invokers.TestMethodWorker.invokeTestMethods(TestMethodWorker.java:154) [testng-7.12.0.jar:7.12.0]
	at org.testng.internal.invokers.TestMethodWorker.run(TestMethodWorker.java:134) [testng-7.12.0.jar:7.12.0]
	at java.base/java.util.concurrent.Executors$RunnableAdapter.call(Executors.java:545) [?:?]
	at java.base/java.util.concurrent.FutureTask.run$$$capture(FutureTask.java:328) [?:?]
	at java.base/java.util.concurrent.FutureTask.run(FutureTask.java) [?:?]
	at org.testng.internal.thread.graph.TestNGFutureTask.run(TestNGFutureTask.java:22) [testng-7.12.0.jar:7.12.0]
	at java.base/java.util.concurrent.ThreadPoolExecutor.runWorker(ThreadPoolExecutor.java:1095) [?:?]
	at java.base/java.util.concurrent.ThreadPoolExecutor$Worker.run(ThreadPoolExecutor.java:619) [?:?]
	at java.base/java.lang.Thread.run(Thread.java:1447) [?:?]
2026-07-02 22:37:50.789 [TestNG-test-Login Smoke Tests-3] INFO  Driver.DriverFactory - Closing Browser
2026-07-02 22:37:59.873 [main] INFO  testCases.TC002_LoginTest - ********* Starting TC_002_LoginTest With Test Data *********
2026-07-02 22:38:01.271 [main] INFO  testCases.TC002_LoginTest - navigate to login
2026-07-02 22:38:02.020 [main] INFO  testCases.TC002_LoginTest - Entered Username: tusharpotdar99@gmail.com
2026-07-02 22:38:02.020 [main] INFO  testCases.TC002_LoginTest - Clicked Login button
2026-07-02 22:38:02.730 [main] INFO  testCases.TC002_LoginTest - Login successful as expected.
2026-07-02 22:38:02.732 [main] INFO  testCases.TC002_LoginTest - ********* Finished TC_003_LoginTest_DDT *********
2026-07-02 22:38:02.733 [main] INFO  Driver.DriverFactory - Closing Browser
2026-07-02 22:38:06.390 [main] INFO  testCases.TC002_LoginTest - ********* Starting TC_002_LoginTest With Test Data *********
2026-07-02 22:38:07.457 [main] INFO  testCases.TC002_LoginTest - navigate to login
2026-07-02 22:38:08.114 [main] INFO  testCases.TC002_LoginTest - Entered Username: tusharpotdar99@gmail.com
2026-07-02 22:38:08.114 [main] INFO  testCases.TC002_LoginTest - Clicked Login button
2026-07-02 22:38:08.702 [main] INFO  testCases.TC002_LoginTest - Invalid login verified successfully.
2026-07-02 22:38:08.703 [main] INFO  testCases.TC002_LoginTest - ********* Finished TC_003_LoginTest_DDT *********
2026-07-02 22:38:08.705 [main] INFO  Driver.DriverFactory - Closing Browser
2026-07-02 22:38:12.035 [main] INFO  testCases.TC002_LoginTest - ********* Starting TC_002_LoginTest With Test Data *********
2026-07-02 22:38:13.425 [main] INFO  testCases.TC002_LoginTest - navigate to login
2026-07-02 22:38:13.970 [main] INFO  testCases.TC002_LoginTest - Entered Username: tusharpotdar@gmail.com
2026-07-02 22:38:13.970 [main] INFO  testCases.TC002_LoginTest - Clicked Login button
2026-07-02 22:38:14.535 [main] INFO  testCases.TC002_LoginTest - Invalid login verified successfully.
2026-07-02 22:38:14.535 [main] INFO  testCases.TC002_LoginTest - ********* Finished TC_003_LoginTest_DDT *********
2026-07-02 22:38:14.536 [main] INFO  Driver.DriverFactory - Closing Browser
2026-07-02 22:38:17.807 [main] INFO  testCases.TC002_LoginTest - ********* Starting TC_002_LoginTest With Test Data *********
2026-07-02 22:38:18.934 [main] INFO  testCases.TC002_LoginTest - navigate to login
2026-07-02 22:38:19.478 [main] INFO  testCases.TC002_LoginTest - Entered Username: tusharpotdar@gmail.com
2026-07-02 22:38:19.478 [main] INFO  testCases.TC002_LoginTest - Clicked Login button
2026-07-02 22:38:20.034 [main] INFO  testCases.TC002_LoginTest - Invalid login verified successfully.
2026-07-02 22:38:20.034 [main] INFO  testCases.TC002_LoginTest - ********* Finished TC_003_LoginTest_DDT *********
2026-07-02 22:38:20.036 [main] INFO  Driver.DriverFactory - Closing Browser
2026-07-02 22:39:10.923 [TestNG-test-Login Smoke Tests-1] INFO  Driver.DriverFactory - Closing Browser
2026-07-02 22:39:10.925 [TestNG-test-Login Smoke Tests-2] INFO  Driver.DriverFactory - Closing Browser
2026-07-02 22:39:13.706 [TestNG-test-Login Smoke Tests-3] INFO  testCases.TC002_LoginTest - ********* Starting TC_002_LoginTest With Test Data *********
2026-07-02 22:39:14.983 [TestNG-test-Login Smoke Tests-3] INFO  testCases.TC002_LoginTest - navigate to login
2026-07-02 22:39:19.529 [main] INFO  testCases.TC001_RegistrationTest - ********* Starting TC_001_RegistrationTest With Valid Credential *********
2026-07-02 22:39:19.752 [main] INFO  testCases.TC001_RegistrationTest - Clicked My Account
2026-07-02 22:39:20.296 [main] INFO  testCases.TC001_RegistrationTest - Clicked Register
2026-07-02 22:39:21.710 [main] INFO  testCases.TC001_RegistrationTest - Registration form submitted
2026-07-02 22:39:22.649 [main] INFO  testCases.TC001_RegistrationTest - Registration completed successfully.
2026-07-02 22:39:22.650 [main] INFO  testCases.TC001_RegistrationTest - ********** Registration Test Finished **********
2026-07-02 22:39:22.658 [main] INFO  Driver.DriverFactory - Closing Browser
2026-07-02 22:39:25.500 [main] INFO  testCases.TC002_LoginTest - ********* Starting TC_002_LoginTest With Valid Credential *********
2026-07-02 22:39:25.502 [main] INFO  testCases.TC002_LoginTest - navigate to login
2026-07-02 22:39:26.887 [main] INFO  testCases.TC002_LoginTest - Passed Username and Password and Clicked Login
2026-07-02 22:39:27.454 [main] INFO  testCases.TC002_LoginTest - TEST PASSED
2026-07-02 22:39:27.454 [main] INFO  testCases.TC002_LoginTest - ********* Finished TC_002_LoginTest With Valid Credential  *********
2026-07-02 22:39:27.457 [main] INFO  Driver.DriverFactory - Closing Browser
2026-07-02 22:39:29.939 [main] INFO  testCases.TC002_LoginTest - ********* Starting TC_002_LoginTest with Invalid credentials *********
2026-07-02 22:39:30.563 [main] INFO  testCases.TC002_LoginTest - navigate to login
2026-07-02 22:39:31.057 [main] INFO  testCases.TC002_LoginTest - Passed Invalid Username and Password and Clicked Login
2026-07-02 22:39:31.610 [main] INFO  testCases.TC002_LoginTest - TEST PASSED
2026-07-02 22:39:31.612 [main] INFO  testCases.TC002_LoginTest - ********* Finished TC_002_LoginTest with invalid credentials*********
2026-07-02 22:39:31.615 [main] INFO  Driver.DriverFactory - Closing Browser
2026-07-02 22:39:34.016 [main] INFO  testCases.TC002_LoginTest - ********* Starting TC_002_LoginTest With Test Data *********
2026-07-02 22:39:34.882 [main] INFO  testCases.TC002_LoginTest - navigate to login
2026-07-02 22:39:35.472 [main] INFO  testCases.TC002_LoginTest - Entered Username: tusharpotdar99@gmail.com
2026-07-02 22:39:35.473 [main] INFO  testCases.TC002_LoginTest - Clicked Login button
2026-07-02 22:39:36.034 [main] INFO  testCases.TC002_LoginTest - Login successful as expected.
2026-07-02 22:39:36.035 [main] INFO  testCases.TC002_LoginTest - ********* Finished TC_003_LoginTest_DDT *********
2026-07-02 22:39:36.041 [main] INFO  Driver.DriverFactory - Closing Browser
2026-07-02 22:39:39.013 [main] INFO  testCases.TC002_LoginTest - ********* Starting TC_002_LoginTest With Test Data *********
2026-07-02 22:39:39.687 [main] INFO  testCases.TC002_LoginTest - navigate to login
2026-07-02 22:39:40.269 [main] INFO  testCases.TC002_LoginTest - Entered Username: tusharpotdar99@gmail.com
2026-07-02 22:39:40.269 [main] INFO  testCases.TC002_LoginTest - Clicked Login button
2026-07-02 22:39:40.823 [main] INFO  testCases.TC002_LoginTest - Invalid login verified successfully.
2026-07-02 22:39:40.823 [main] INFO  testCases.TC002_LoginTest - ********* Finished TC_003_LoginTest_DDT *********
2026-07-02 22:39:40.826 [main] INFO  Driver.DriverFactory - Closing Browser
2026-07-02 22:39:43.449 [main] INFO  testCases.TC002_LoginTest - ********* Starting TC_002_LoginTest With Test Data *********
2026-07-02 22:39:44.097 [main] INFO  testCases.TC002_LoginTest - navigate to login
2026-07-02 22:39:44.591 [main] INFO  testCases.TC002_LoginTest - Entered Username: tusharpotdar@gmail.com
2026-07-02 22:39:44.593 [main] INFO  testCases.TC002_LoginTest - Clicked Login button
2026-07-02 22:39:45.150 [main] INFO  testCases.TC002_LoginTest - Invalid login verified successfully.
2026-07-02 22:39:45.151 [main] INFO  testCases.TC002_LoginTest - ********* Finished TC_003_LoginTest_DDT *********
2026-07-02 22:39:45.155 [main] INFO  Driver.DriverFactory - Closing Browser
2026-07-02 22:39:47.607 [main] INFO  testCases.TC002_LoginTest - ********* Starting TC_002_LoginTest With Test Data *********
2026-07-02 22:39:48.946 [main] INFO  testCases.TC002_LoginTest - navigate to login
2026-07-02 22:39:49.726 [main] INFO  testCases.TC002_LoginTest - Entered Username: tusharpotdar@gmail.com
2026-07-02 22:39:49.727 [main] INFO  testCases.TC002_LoginTest - Clicked Login button
2026-07-02 22:39:50.305 [main] INFO  testCases.TC002_LoginTest - Invalid login verified successfully.
2026-07-02 22:39:50.306 [main] INFO  testCases.TC002_LoginTest - ********* Finished TC_003_LoginTest_DDT *********
2026-07-02 22:39:50.308 [main] INFO  Driver.DriverFactory - Closing Browser
2026-07-02 22:39:59.761 [main] INFO  testCases.TC002_LoginTest - ********* Starting TC_002_LoginTest With Valid Credential *********
2026-07-02 22:40:00.018 [main] INFO  testCases.TC002_LoginTest - navigate to login
2026-07-02 22:40:15.125 [main] INFO  testCases.TC002_LoginTest - Passed Username and Password and Clicked Login
2026-07-02 22:40:29.601 [main] INFO  testCases.TC002_LoginTest - TEST PASSED
2026-07-02 22:40:29.602 [main] INFO  testCases.TC002_LoginTest - ********* Finished TC_002_LoginTest With Valid Credential  *********
2026-07-02 22:40:29.606 [main] INFO  Driver.DriverFactory - Closing Browser
2026-07-02 22:40:31.731 [main] INFO  testCases.TC002_LoginTest - ********* Starting TC_002_LoginTest with Invalid credentials *********
2026-07-02 22:40:32.450 [main] INFO  testCases.TC002_LoginTest - navigate to login
2026-07-02 22:40:39.277 [main] INFO  testCases.TC002_LoginTest - Passed Invalid Username and Password and Clicked Login
2026-07-02 22:40:40.866 [main] INFO  testCases.TC002_LoginTest - TEST PASSED
2026-07-02 22:40:40.866 [main] INFO  testCases.TC002_LoginTest - ********* Finished TC_002_LoginTest with invalid credentials*********
2026-07-02 22:40:40.867 [main] INFO  Driver.DriverFactory - Closing Browser
2026-07-02 22:40:43.948 [main] INFO  testCases.TC002_LoginTest - ********* Starting TC_002_LoginTest With Test Data *********
2026-07-02 22:40:44.636 [main] INFO  testCases.TC002_LoginTest - navigate to login
2026-07-02 22:40:49.188 [main] INFO  testCases.TC002_LoginTest - Entered Username: tusharpotdar99@gmail.com
2026-07-02 22:40:49.189 [main] INFO  testCases.TC002_LoginTest - Clicked Login button
2026-07-02 22:40:50.366 [main] INFO  testCases.TC002_LoginTest - Login successful as expected.
2026-07-02 22:40:50.367 [main] INFO  testCases.TC002_LoginTest - ********* Finished TC_003_LoginTest_DDT *********
2026-07-02 22:40:50.368 [main] INFO  Driver.DriverFactory - Closing Browser
2026-07-02 22:40:52.152 [main] INFO  testCases.TC002_LoginTest - ********* Starting TC_002_LoginTest With Test Data *********
2026-07-02 22:40:53.050 [main] INFO  testCases.TC002_LoginTest - navigate to login
2026-07-02 22:41:00.452 [main] INFO  testCases.TC002_LoginTest - Entered Username: tusharpotdar99@gmail.com
2026-07-02 22:41:00.453 [main] INFO  testCases.TC002_LoginTest - Clicked Login button
2026-07-02 22:41:02.821 [main] INFO  testCases.TC002_LoginTest - Invalid login verified successfully.
2026-07-02 22:41:02.821 [main] INFO  testCases.TC002_LoginTest - ********* Finished TC_003_LoginTest_DDT *********
2026-07-02 22:41:02.822 [main] INFO  Driver.DriverFactory - Closing Browser
2026-07-02 22:41:04.794 [main] INFO  testCases.TC002_LoginTest - ********* Starting TC_002_LoginTest With Test Data *********
2026-07-02 22:41:05.263 [main] INFO  testCases.TC002_LoginTest - navigate to login
2026-07-02 22:41:08.684 [main] INFO  testCases.TC002_LoginTest - Entered Username: tusharpotdar@gmail.com
2026-07-02 22:41:08.685 [main] INFO  testCases.TC002_LoginTest - Clicked Login button
2026-07-02 22:41:09.978 [main] INFO  testCases.TC002_LoginTest - Invalid login verified successfully.
2026-07-02 22:41:09.980 [main] INFO  testCases.TC002_LoginTest - ********* Finished TC_003_LoginTest_DDT *********
2026-07-02 22:41:09.981 [main] INFO  Driver.DriverFactory - Closing Browser
2026-07-02 22:41:11.877 [main] INFO  testCases.TC002_LoginTest - ********* Starting TC_002_LoginTest With Test Data *********
2026-07-02 22:41:12.518 [main] INFO  testCases.TC002_LoginTest - navigate to login
2026-07-02 22:41:15.344 [main] INFO  testCases.TC002_LoginTest - Entered Username: tusharpotdar@gmail.com
2026-07-02 22:41:15.344 [main] INFO  testCases.TC002_LoginTest - Clicked Login button
2026-07-02 22:41:17.444 [main] INFO  testCases.TC002_LoginTest - Invalid login verified successfully.
2026-07-02 22:41:17.444 [main] INFO  testCases.TC002_LoginTest - ********* Finished TC_003_LoginTest_DDT *********
2026-07-02 22:41:17.444 [main] INFO  Driver.DriverFactory - Closing Browser
